date,dow,day_part,event_name,covers,staff_foh,staff_boh,labor_cost,revenue,labor_pct,covers_per_foh
2025-08-12,1,Dinner,,40,4,4,384.0,1755.5,0.219,10.0
2025-08-12,1,Lunch,,21,3,2,117.75,1063.0,0.111,7.0
2025-08-13,2,Dinner,,54,6,5,261.75,2370.5,0.11,9.0
2025-08-13,2,Lunch,,24,3,2,235.5,1084.0,0.217,8.0
2025-08-14,3,Dinner,,48,5,4,427.5,2207.5,0.194,9.6
2025-08-14,3,Lunch,,21,3,2,117.75,742.0,0.159,7.0
2025-08-15,4,Dinner,,71,8,6,663.0,2811.5,0.236,8.88
2025-08-15,4,Late,,9,2,2,192.0,392.5,0.489,4.5
2025-08-15,4,Lunch,,34,4,3,497.25,1358.5,0.366,8.5
2025-08-16,5,Dinner,,90,9,7,379.5,3843.0,0.099,10.0
2025-08-16,5,Late,,11,2,2,192.0,490.5,0.391,5.5
2025-08-16,5,Lunch,,35,4,3,331.5,1487.5,0.223,8.75
2025-08-17,6,Dinner,,75,8,6,994.5,3178.0,0.313,9.38
2025-08-17,6,Lunch,,31,4,3,331.5,1254.5,0.264,7.75
2025-08-19,1,Dinner,,40,4,4,576.0,1766.5,0.326,10.0
2025-08-19,1,Lunch,,21,3,2,235.5,1118.0,0.211,7.0
2025-08-20,2,Dinner,,44,6,5,523.5,1761.5,0.297,7.33
2025-08-20,2,Lunch,,24,3,2,353.25,1126.0,0.314,8.0
2025-08-21,3,Dinner,,55,5,4,641.25,2404.5,0.267,11.0
2025-08-21,3,Lunch,,28,3,2,235.5,1135.5,0.207,9.33
2025-08-22,4,Dinner,,69,8,6,994.5,2704.5,0.368,8.62
2025-08-22,4,Late,,11,2,2,288.0,510.5,0.564,5.5
2025-08-22,4,Lunch,,33,4,3,331.5,1635.0,0.203,8.25
2025-08-23,5,Dinner,,79,9,7,759.0,2929.5,0.259,8.78
2025-08-23,5,Late,,10,2,2,288.0,324.0,0.889,5.0
2025-08-23,5,Lunch,,38,4,3,497.25,2211.5,0.225,9.5
2025-08-24,6,Dinner,,70,8,6,331.5,2830.0,0.117,8.75
2025-08-24,6,Lunch,,33,4,3,497.25,1419.5,0.35,8.25
2025-08-26,1,Dinner,,46,4,4,384.0,1841.5,0.209,11.5
2025-08-26,1,Lunch,,21,3,2,353.25,1184.5,0.298,7.0
2025-08-27,2,Dinner,,47,5,4,641.25,2002.5,0.32,9.4
2025-08-27,2,Lunch,,28,3,2,235.5,1114.0,0.211,9.33
2025-08-28,3,Dinner,,51,6,4,471.0,2112.0,0.223,8.5
2025-08-28,3,Lunch,,24,3,2,353.25,1222.0,0.289,8.0
2025-08-29,4,Dinner,,82,7,6,309.75,3479.0,0.089,11.71
2025-08-29,4,Late,,9,2,2,192.0,449.5,0.427,4.5
2025-08-29,4,Lunch,,36,4,3,497.25,1424.5,0.349,9.0
2025-08-30,5,Dinner,,76,9,7,1138.5,3229.5,0.353,8.44
2025-08-30,5,Late,,11,2,2,192.0,453.5,0.423,5.5
2025-08-30,5,Lunch,,35,4,3,331.5,1560.0,0.212,8.75
2025-08-31,6,Dinner,,71,8,6,663.0,2918.0,0.227,8.88
2025-08-31,6,Lunch,,34,4,3,165.75,1354.0,0.122,8.5
2025-09-02,1,Dinner,,43,5,4,641.25,1745.5,0.367,8.6
2025-09-02,1,Lunch,,18,3,2,235.5,748.5,0.315,6.0
2025-09-03,2,Dinner,,48,5,4,213.75,1734.0,0.123,9.6
2025-09-03,2,Lunch,,22,3,2,353.25,893.5,0.395,7.33
2025-09-04,3,Dinner,,54,6,4,706.5,2594.5,0.272,9.0
2025-09-04,3,Lunch,,26,3,2,117.75,1480.5,0.08,8.67
2025-09-05,4,Dinner,,71,8,6,663.0,3229.5,0.205,8.88
2025-09-05,4,Late,,9,2,2,288.0,514.0,0.56,4.5
2025-09-05,4,Lunch,,35,4,3,331.5,1428.5,0.232,8.75
2025-09-06,5,Dinner,,67,9,7,379.5,2976.0,0.128,7.44
2025-09-06,5,Late,,10,2,2,288.0,396.5,0.726,5.0
2025-09-06,5,Lunch,,39,4,3,497.25,1720.0,0.289,9.75
2025-09-07,6,Dinner,,60,8,6,994.5,2618.0,0.38,7.5
2025-09-07,6,Lunch,,28,4,3,331.5,1281.0,0.259,7.0
2025-09-09,1,Dinner,,48,5,4,427.5,1883.5,0.227,9.6
2025-09-09,1,Lunch,,19,3,2,353.25,724.5,0.488,6.33
2025-09-10,2,Dinner,,51,5,4,427.5,2164.5,0.198,10.2
2025-09-10,2,Lunch,,20,3,2,117.75,898.0,0.131,6.67
2025-09-11,3,Dinner,,51,6,4,471.0,1910.0,0.247,8.5
2025-09-11,3,Lunch,,20,3,2,235.5,899.5,0.262,6.67
2025-09-12,4,Dinner,,74,8,6,994.5,3177.0,0.313,9.25
2025-09-12,4,Late,,10,2,2,96.0,477.0,0.201,5.0
2025-09-12,4,Lunch,,33,4,3,497.25,1761.0,0.282,8.25
2025-09-13,5,Dinner,,76,8,6,663.0,3114.5,0.213,9.5
2025-09-13,5,Late,,10,2,2,96.0,287.5,0.334,5.0
2025-09-13,5,Lunch,,39,4,3,331.5,1621.5,0.204,9.75
2025-09-14,6,Dinner,,63,7,6,619.5,2653.0,0.234,9.0
2025-09-14,6,Lunch,,32,4,3,497.25,1492.5,0.333,8.0
2025-09-16,1,Dinner,,37,5,4,641.25,1634.0,0.392,7.4
2025-09-16,1,Lunch,,17,2,2,192.0,721.0,0.266,8.5
2025-09-17,2,Dinner,,49,5,4,641.25,2015.0,0.318,9.8
2025-09-17,2,Lunch,,20,3,2,235.5,832.0,0.283,6.67
2025-09-18,3,Dinner,,56,6,5,785.25,2625.5,0.299,9.33
2025-09-18,3,Lunch,,25,3,2,353.25,952.5,0.371,8.33
2025-09-19,4,Dinner,,71,8,6,663.0,3083.0,0.215,8.88
2025-09-19,4,Late,,10,2,2,192.0,318.0,0.604,5.0
2025-09-19,4,Lunch,,31,4,3,331.5,1598.0,0.207,7.75
2025-09-20,5,Dinner,,83,8,6,994.5,3886.0,0.256,10.38
2025-09-20,5,Late,,9,2,2,192.0,373.0,0.515,4.5
2025-09-20,5,Lunch,,35,4,3,497.25,1522.0,0.327,8.75
2025-09-21,6,Dinner,,62,7,6,929.25,2658.5,0.35,8.86
2025-09-21,6,Lunch,,29,4,3,165.75,1214.0,0.137,7.25
2025-09-23,1,Dinner,,44,5,4,427.5,1837.5,0.233,8.8
2025-09-23,1,Lunch,,17,2,2,288.0,559.5,0.515,8.5
2025-09-24,2,Dinner,,47,5,4,427.5,2011.0,0.213,9.4
2025-09-24,2,Lunch,,21,3,2,353.25,804.5,0.439,7.0
2025-09-25,3,Dinner,,55,6,5,523.5,2828.5,0.185,9.17
2025-09-25,3,Lunch,,25,3,2,235.5,890.5,0.264,8.33
2025-09-26,4,Dinner,,70,8,6,994.5,2965.5,0.335,8.75
2025-09-26,4,Late,,9,2,2,288.0,421.5,0.683,4.5
2025-09-26,4,Lunch,,35,4,3,497.25,1594.5,0.312,8.75
2025-09-27,5,Dinner,,66,8,6,663.0,2702.5,0.245,8.25
2025-09-27,5,Late,,9,2,2,288.0,435.5,0.661,4.5
2025-09-27,5,Lunch,,36,4,3,331.5,1293.5,0.256,9.0
2025-09-28,6,Dinner,,58,7,5,567.0,2689.0,0.211,8.29
2025-09-28,6,Lunch,,26,4,3,331.5,973.5,0.341,6.5
2025-09-30,1,Dinner,,38,5,4,641.25,1918.5,0.334,7.6
2025-09-30,1,Lunch,,20,2,2,192.0,871.0,0.22,10.0
2025-10-01,2,Dinner,,53,5,4,641.25,2443.0,0.262,10.6
2025-10-01,2,Lunch,,21,3,2,117.75,1090.5,0.108,7.0
2025-10-02,3,Dinner,,57,6,5,785.25,2022.5,0.388,9.5
2025-10-02,3,Lunch,,23,3,2,353.25,1008.5,0.35,7.67
2025-10-03,4,Dinner,,69,8,6,663.0,2678.5,0.248,8.62
2025-10-03,4,Late,,8,2,2,96.0,286.0,0.336,4.0
2025-10-03,4,Lunch,,29,4,3,331.5,1413.0,0.235,7.25
2025-10-04,5,Dinner,,86,8,6,994.5,3421.0,0.291,10.75
2025-10-04,5,Late,,8,2,2,96.0,329.0,0.292,4.0
2025-10-04,5,Lunch,,35,4,3,497.25,1352.5,0.368,8.75
2025-10-05,6,Dinner,,66,7,5,850.5,2889.5,0.294,9.43
2025-10-05,6,Lunch,,31,3,3,432.0,1273.5,0.339,10.33
2025-10-07,1,Dinner,,36,5,4,213.75,1477.5,0.145,7.2
2025-10-07,1,Lunch,,18,2,2,288.0,751.5,0.383,9.0
2025-10-08,2,Dinner,,44,5,4,427.5,2110.0,0.203,8.8
2025-10-08,2,Lunch,,22,3,2,235.5,1015.0,0.232,7.33
2025-10-09,3,Dinner,,53,6,5,261.75,2359.5,0.111,8.83
2025-10-09,3,Lunch,,25,3,2,235.5,857.0,0.275,8.33
2025-10-10,4,Dinner,,69,8,6,994.5,2881.0,0.345,8.62
2025-10-10,4,Late,,8,2,2,192.0,220.0,0.873,4.0
2025-10-10,4,Lunch,,38,4,3,497.25,1751.0,0.284,9.5
2025-10-11,5,Dinner,,81,8,6,663.0,3562.0,0.186,10.12
2025-10-11,5,Late,,12,2,2,192.0,461.0,0.416,6.0
2025-10-11,5,Lunch,,37,4,3,165.75,1516.5,0.109,9.25
2025-10-12,6,Dinner,,67,7,5,567.0,2807.5,0.202,9.57
2025-10-12,6,Lunch,,32,3,3,288.0,1161.0,0.248,10.67
2025-10-14,1,Dinner,,37,4,3,331.5,1846.5,0.18,9.25
2025-10-14,1,Lunch,,22,2,2,192.0,978.5,0.196,11.0
2025-10-15,2,Dinner,,42,5,4,641.25,1741.5,0.368,8.4
2025-10-15,2,Lunch,,20,3,2,353.25,933.0,0.379,6.67
2025-10-16,3,Dinner,,45,6,5,523.5,1899.5,0.276,7.5
2025-10-16,3,Lunch,,23,3,2,353.25,1165.5,0.303,7.67
2025-10-17,4,Dinner,,69,7,6,619.5,3038.0,0.204,9.86
2025-10-17,4,Late,,8,2,2,288.0,276.5,1.042,4.0
2025-10-17,4,Lunch,,34,4,3,165.75,1625.0,0.102,8.5
2025-10-18,5,Dinner,,81,8,7,1073.25,3025.0,0.355,10.12
2025-10-18,5,Late,,11,2,2,288.0,647.5,0.445,5.5
2025-10-18,5,Lunch,,33,4,3,331.5,1286.0,0.258,8.25
2025-10-19,6,Dinner,,83,7,5,850.5,3529.5,0.241,11.86
2025-10-19,6,Lunch,,36,3,3,432.0,1590.5,0.272,12.0
2025-10-21,1,Dinner,,38,4,3,497.25,1227.5,0.405,9.5
2025-10-21,1,Lunch,,20,2,2,288.0,698.5,0.412,10.0
2025-10-22,2,Dinner,,48,5,4,427.5,2372.0,0.18,9.6
2025-10-22,2,Lunch,,17,3,2,235.5,687.0,0.343,5.67
2025-10-23,3,Dinner,,50,6,5,785.25,2056.5,0.382,8.33
2025-10-23,3,Lunch,,22,3,2,235.5,973.0,0.242,7.33
2025-10-24,4,Dinner,,69,7,6,929.25,2996.5,0.31,9.86
2025-10-24,4,Late,,10,2,2,192.0,501.0,0.383,5.0
2025-10-24,4,Lunch,,30,4,3,331.5,1248.5,0.266,7.5
2025-10-25,5,Dinner,,78,8,7,715.5,3451.0,0.207,9.75
2025-10-25,5,Late,,9,2,2,192.0,414.5,0.463,4.5
2025-10-25,5,Lunch,,37,4,3,497.25,1569.0,0.317,9.25
2025-10-26,6,Dinner,,61,7,6,619.5,2740.0,0.226,8.71
2025-10-26,6,Lunch,,25,4,3,331.5,1095.5,0.303,6.25
2025-10-28,1,Dinner,,50,4,3,165.75,1840.5,0.09,12.5
2025-10-28,1,Lunch,,19,2,2,96.0,804.5,0.119,9.5
2025-10-29,2,Dinner,,51,5,4,641.25,2340.0,0.274,10.2
2025-10-29,2,Lunch,,22,2,2,288.0,842.5,0.342,11.0
2025-10-30,3,Dinner,,46,6,4,235.5,2099.5,0.112,7.67
2025-10-30,3,Lunch,,23,3,2,353.25,1076.0,0.328,7.67
2025-10-31,4,Dinner,,65,7,6,619.5,2784.5,0.222,9.29
2025-10-31,4,Late,,11,2,2,288.0,704.5,0.409,5.5
2025-10-31,4,Lunch,,29,4,3,497.25,1414.0,0.352,7.25
2025-11-01,5,Dinner,,83,9,7,1138.5,3981.5,0.286,9.22
2025-11-01,5,Late,,9,2,2,288.0,513.0,0.561,4.5
2025-11-01,5,Lunch,,32,4,3,165.75,1626.0,0.102,8.0
2025-11-02,6,Dinner,,65,7,6,929.25,2953.5,0.315,9.29
2025-11-02,6,Lunch,,31,4,3,497.25,1347.5,0.369,7.75
2025-11-04,1,Dinner,,41,5,4,427.5,1719.0,0.249,8.2
2025-11-04,1,Lunch,,19,2,2,192.0,775.5,0.248,9.5
2025-11-05,2,Dinner,,47,5,4,427.5,1649.5,0.259,9.4
2025-11-05,2,Lunch,,20,3,2,235.5,765.5,0.308,6.67
2025-11-06,3,Dinner,,45,5,4,427.5,2069.5,0.207,9.0
2025-11-06,3,Lunch,,22,3,2,117.75,871.5,0.135,7.33
2025-11-07,4,Dinner,,69,7,6,929.25,3046.5,0.305,9.86
2025-11-07,4,Late,,10,2,2,192.0,506.0,0.379,5.0
2025-11-07,4,Lunch,,27,4,3,165.75,820.0,0.202,6.75
2025-11-08,5,Dinner,,76,9,7,759.0,3200.0,0.237,8.44
2025-11-08,5,Late,,10,2,2,192.0,328.5,0.584,5.0
2025-11-08,5,Lunch,,36,4,3,331.5,1708.5,0.194,9.0
2025-11-09,6,Dinner,,64,7,6,309.75,2820.0,0.11,9.14
2025-11-09,6,Lunch,,33,4,3,331.5,1116.5,0.297,8.25
2025-11-11,1,Dinner,,45,5,4,641.25,1935.5,0.331,9.0
2025-11-11,1,Lunch,,18,2,2,288.0,581.0,0.496,9.0
2025-11-12,2,Dinner,,52,5,4,641.25,2212.5,0.29,10.4
2025-11-12,2,Lunch,,22,2,2,288.0,939.5,0.307,11.0
2025-11-13,3,Dinner,,45,5,4,641.25,1924.5,0.333,9.0
2025-11-13,3,Lunch,,24,3,2,235.5,1092.0,0.216,8.0
2025-11-14,4,Dinner,,79,7,6,309.75,2997.0,0.103,11.29
2025-11-14,4,Late,,10,2,2,288.0,505.0,0.57,5.0
2025-11-14,4,Lunch,,27,3,3,288.0,1266.5,0.227,9.0
2025-11-15,5,Dinner,,74,8,7,1073.25,3021.0,0.355,9.25
2025-11-15,5,Late,,11,2,2,288.0,626.5,0.46,5.5
2025-11-15,5,Lunch,,35,4,3,497.25,1489.5,0.334,8.75
2025-11-16,6,Dinner,,57,7,6,619.5,2898.0,0.214,8.14
2025-11-16,6,Lunch,,26,4,3,497.25,1188.0,0.419,6.5
2025-11-18,1,Dinner,,39,5,4,427.5,1752.5,0.244,7.8
2025-11-18,1,Lunch,,20,2,2,96.0,1153.0,0.083,10.0
2025-11-19,2,Dinner,,45,5,4,213.75,2146.0,0.1,9.0
2025-11-19,2,Lunch,,21,3,2,235.5,1004.5,0.234,7.0
2025-11-20,3,Dinner,,58,5,4,427.5,2335.0,0.183,11.6
2025-11-20,3,Lunch,,24,3,2,353.25,1371.0,0.258,8.0
2025-11-21,4,Dinner,,72,8,6,663.0,3234.0,0.205,9.0
2025-11-21,4,Late,,7,2,2,192.0,183.0,1.049,3.5
2025-11-21,4,Lunch,,32,3,3,432.0,1882.0,0.23,10.67
2025-11-22,5,Dinner,,70,8,6,331.5,2897.5,0.114,8.75
2025-11-22,5,Late,,9,2,2,192.0,377.5,0.509,4.5
2025-11-22,5,Lunch,,35,4,3,331.5,1295.0,0.256,8.75
2025-11-23,6,Dinner,,60,7,5,850.5,2469.5,0.344,8.57
2025-11-23,6,Lunch,,26,3,3,288.0,1032.5,0.279,8.67
2025-11-25,1,Dinner,,35,5,4,641.25,1584.0,0.405,7.0
2025-11-25,1,Lunch,,21,2,2,192.0,769.5,0.25,10.5
2025-11-26,2,Dinner,,43,5,4,427.5,1863.0,0.229,8.6
2025-11-26,2,Lunch,,21,3,2,353.25,803.5,0.44,7.0
2025-11-27,3,Dinner,,56,5,4,641.25,2260.0,0.284,11.2
2025-11-27,3,Lunch,,23,3,2,235.5,1565.0,0.15,7.67
2025-11-28,4,Dinner,,77,8,6,994.5,3830.0,0.26,9.62
2025-11-28,4,Late,,9,2,2,288.0,331.0,0.87,4.5
2025-11-28,4,Lunch,,33,3,3,288.0,1640.0,0.176,11.0
2025-11-29,5,Dinner,,75,8,6,663.0,3298.5,0.201,9.38
2025-11-29,5,Late,,10,2,2,288.0,409.0,0.704,5.0
2025-11-29,5,Lunch,,33,4,3,497.25,1490.0,0.334,8.25
2025-11-30,6,Dinner,,56,7,5,283.5,2022.0,0.14,8.0
2025-11-30,6,Lunch,,29,3,3,432.0,1177.0,0.367,9.67
2025-12-02,1,Dinner,,53,4,4,384.0,2038.5,0.188,13.25
2025-12-02,1,Lunch,,24,2,2,288.0,971.5,0.296,12.0
2025-12-03,2,Dinner,,68,5,4,641.25,2878.5,0.223,13.6
2025-12-03,2,Lunch,,33,3,2,235.5,1413.5,0.167,11.0
2025-12-04,3,Dinner,,62,6,4,471.0,2586.5,0.182,10.33
2025-12-04,3,Lunch,,27,3,2,353.25,1316.0,0.268,9.0
2025-12-05,4,Dinner,,81,8,6,331.5,3372.0,0.098,10.12
2025-12-05,4,Late,,11,2,2,192.0,435.5,0.441,5.5
2025-12-05,4,Lunch,,34,3,3,432.0,1520.5,0.284,11.33
2025-12-06,5,Dinner,,89,8,6,994.5,4062.0,0.245,11.12
2025-12-06,5,Late,,12,2,2,192.0,370.5,0.518,6.0
2025-12-06,5,Lunch,,50,4,3,331.5,2237.5,0.148,12.5
2025-12-07,6,Dinner,,77,6,5,523.5,3193.0,0.164,12.83
2025-12-07,6,Lunch,,28,3,3,144.0,1143.0,0.126,9.33
2025-12-09,1,Dinner,,49,5,4,641.25,1776.5,0.361,9.8
2025-12-09,1,Lunch,,21,3,2,235.5,591.5,0.398,7.0
2025-12-10,2,Dinner,,57,6,4,235.5,2258.5,0.104,9.5
2025-12-10,2,Lunch,,24,3,2,353.25,1198.0,0.295,8.0
2025-12-11,3,Dinner,,55,6,5,785.25,2210.0,0.355,9.17
2025-12-11,3,Lunch,,24,3,2,235.5,1054.5,0.223,8.0
2025-12-12,4,Dinner,,75,8,6,663.0,3514.5,0.189,9.38
2025-12-12,4,Late,,10,2,2,288.0,582.5,0.494,5.0
2025-12-12,4,Lunch,,48,4,3,331.5,2164.5,0.153,12.0
2025-12-13,5,Dinner,,124,8,6,331.5,5081.0,0.065,15.5
2025-12-13,5,Late,,11,2,2,288.0,544.0,0.529,5.5
2025-12-13,5,Lunch,,53,4,3,497.25,2461.0,0.202,13.25
2025-12-14,6,Dinner,,81,7,5,850.5,3982.0,0.214,11.57
2025-12-14,6,Lunch,,35,3,3,288.0,1710.5,0.168,11.67
2025-12-16,1,Dinner,,46,5,4,427.5,1888.0,0.226,9.2
2025-12-16,1,Lunch,,28,3,2,353.25,1171.0,0.302,9.33
2025-12-17,2,Dinner,,62,6,5,523.5,2920.0,0.179,10.33
2025-12-17,2,Lunch,,26,3,2,117.75,1204.0,0.098,8.67
2025-12-18,3,Dinner,,62,6,5,523.5,2427.5,0.216,10.33
2025-12-18,3,Lunch,,31,3,2,353.25,1544.0,0.229,10.33
2025-12-19,4,Dinner,,74,8,6,994.5,3300.0,0.301,9.25
2025-12-19,4,Late,,11,2,2,96.0,437.5,0.219,5.5
2025-12-19,4,Lunch,,39,4,3,497.25,1588.5,0.313,9.75
2025-12-20,5,Dinner,,99,9,7,759.0,4374.0,0.174,11.0
2025-12-20,5,Late,,12,2,2,96.0,533.5,0.18,6.0
2025-12-20,5,Lunch,,43,5,4,427.5,1774.5,0.241,8.6
2025-12-21,6,Dinner,,86,7,6,619.5,3857.5,0.161,12.29
2025-12-21,6,Lunch,,38,3,3,432.0,1802.0,0.24,12.67
2025-12-23,1,Dinner,,53,5,4,641.25,2048.5,0.313,10.6
2025-12-23,1,Lunch,,24,3,2,235.5,1076.0,0.219,8.0
2025-12-24,2,Dinner,Christmas Eve,77,8,6,994.5,3947.25,0.252,9.62
2025-12-24,2,Lunch,Christmas Eve,36,4,3,331.5,1691.38,0.196,9.0
2025-12-27,5,Dinner,,99,10,8,1282.5,4087.5,0.314,9.9
2025-12-27,5,Late,,12,2,2,192.0,554.5,0.346,6.0
2025-12-27,5,Lunch,,41,5,4,641.25,1697.0,0.378,8.2
2025-12-28,6,Dinner,,91,8,6,994.5,3620.5,0.275,11.38
2025-12-28,6,Lunch,,44,4,3,165.75,2080.0,0.08,11.0
2025-12-30,1,Dinner,,47,6,4,471.0,1852.0,0.254,7.83
2025-12-30,1,Lunch,,25,3,2,353.25,1402.0,0.252,8.33
2025-12-31,2,Dinner,New Year's Eve,121,13,10,1090.5,7189.66,0.152,9.31
2025-12-31,2,Lunch,New Year's Eve,44,6,5,785.25,2542.36,0.309,7.33
2026-01-02,4,Dinner,,53,8,6,663.0,2372.5,0.279,6.62
2026-01-02,4,Late,,5,2,2,192.0,247.0,0.777,2.5
2026-01-02,4,Lunch,,24,4,3,331.5,1172.0,0.283,6.0
2026-01-03,5,Dinner,,59,11,8,898.5,2704.0,0.332,5.36
2026-01-03,5,Late,,6,2,2,288.0,172.0,1.674,3.0
2026-01-03,5,Lunch,,29,5,4,427.5,1228.5,0.348,5.8
2026-01-04,6,Dinner,,48,9,7,759.0,2078.5,0.365,5.33
2026-01-04,6,Lunch,,20,4,3,331.5,769.5,0.431,5.0
2026-01-06,1,Dinner,,29,5,4,641.25,1269.0,0.505,5.8
2026-01-06,1,Lunch,,14,3,2,235.5,488.0,0.483,4.67
2026-01-07,2,Dinner,,33,8,7,1073.25,1526.0,0.703,4.12
2026-01-07,2,Lunch,,15,4,3,165.75,612.5,0.271,3.75
2026-01-08,3,Dinner,,43,6,5,785.25,1890.0,0.415,7.17
2026-01-08,3,Lunch,,18,3,3,288.0,873.5,0.33,6.0
2026-01-09,4,Dinner,,49,8,6,994.5,2253.5,0.441,6.12
2026-01-09,4,Late,,7,2,2,288.0,170.5,1.689,3.5
2026-01-09,4,Lunch,,17,4,3,497.25,867.0,0.574,4.25
2026-01-10,5,Dinner,,55,10,8,1282.5,2596.5,0.494,5.5
2026-01-10,5,Late,,6,2,2,96.0,230.5,0.416,3.0
2026-01-10,5,Lunch,,27,5,4,641.25,930.0,0.69,5.4
2026-01-11,6,Dinner,,54,8,6,994.5,2136.0,0.466,6.75
2026-01-11,6,Lunch,,22,4,3,497.25,702.0,0.708,5.5
2026-01-13,1,Dinner,,33,5,4,213.75,1389.0,0.154,6.6
2026-01-13,1,Lunch,,12,3,2,353.25,697.0,0.507,4.0
2026-01-14,2,Dinner,,33,8,6,663.0,1391.5,0.476,4.12
2026-01-14,2,Lunch,,15,4,3,331.5,583.0,0.569,3.75
2026-01-15,3,Dinner,,37,6,5,523.5,1512.0,0.346,6.17
2026-01-15,3,Lunch,,16,3,2,353.25,874.0,0.404,5.33
2026-01-16,4,Dinner,,53,7,5,567.0,2171.5,0.261,7.57
2026-01-16,4,Late,,8,2,2,96.0,208.5,0.46,4.0
2026-01-16,4,Lunch,,26,4,3,331.5,1131.0,0.293,6.5
2026-01-17,5,Dinner,,59,8,6,663.0,2456.0,0.27,7.38
2026-01-17,5,Late,,9,2,2,192.0,379.5,0.506,4.5
2026-01-17,5,Lunch,,29,4,3,165.75,1306.5,0.127,7.25
2026-01-18,6,Dinner,,50,7,6,619.5,2136.0,0.29,7.14
2026-01-18,6,Lunch,,22,4,3,331.5,1066.5,0.311,5.5
2026-01-20,1,Dinner,,31,5,4,427.5,1215.5,0.352,6.2
2026-01-20,1,Lunch,,14,2,2,192.0,690.5,0.278,7.0
2026-01-21,2,Dinner,,37,7,6,929.25,1554.0,0.598,5.29
2026-01-21,2,Lunch,,14,3,3,432.0,759.5,0.569,4.67
2026-01-22,3,Dinner,,41,5,4,641.25,1847.0,0.347,8.2
2026-01-22,3,Lunch,,15,3,2,117.75,821.0,0.143,5.0
2026-01-23,4,Dinner,,56,6,5,785.25,2405.0,0.327,9.33
2026-01-23,4,Late,,7,2,2,192.0,282.5,0.68,3.5
2026-01-23,4,Lunch,,23,3,3,432.0,807.0,0.535,7.67
2026-01-24,5,Dinner,,61,7,6,929.25,2431.5,0.382,8.71
2026-01-24,5,Late,,6,2,2,288.0,292.0,0.986,3.0
2026-01-24,5,Lunch,,31,4,3,331.5,1623.0,0.204,7.75
2026-01-25,6,Dinner,,41,7,5,850.5,1525.0,0.558,5.86
2026-01-25,6,Lunch,,21,3,3,432.0,646.0,0.669,7.0
2026-01-27,1,Dinner,,35,4,3,497.25,1543.0,0.322,8.75
2026-01-27,1,Lunch,,13,2,2,288.0,499.0,0.577,6.5
2026-01-28,2,Dinner,,31,6,5,523.5,1435.0,0.365,5.17
2026-01-28,2,Lunch,,17,3,2,235.5,662.0,0.356,5.67
2026-01-29,3,Dinner,,38,5,4,213.75,1669.0,0.128,7.6
2026-01-29,3,Lunch,,16,2,2,192.0,560.5,0.343,8.0
2026-01-30,4,Dinner,,47,6,5,523.5,2231.0,0.235,7.83
2026-01-30,4,Late,,7,2,2,288.0,209.0,1.378,3.5
2026-01-30,4,Lunch,,20,3,2,117.75,782.0,0.151,6.67
2026-01-31,5,Dinner,,60,6,5,523.5,2508.5,0.209,10.0
2026-01-31,5,Late,,6,2,2,192.0,349.5,0.549,3.0
2026-01-31,5,Lunch,,29,3,3,432.0,1369.0,0.316,9.67
2026-02-01,6,Dinner,,55,5,4,427.5,2456.0,0.174,11.0
2026-02-01,6,Lunch,,26,3,2,235.5,1125.0,0.209,8.67
2026-02-03,1,Dinner,,42,4,3,165.75,2193.5,0.076,10.5
2026-02-03,1,Lunch,,17,2,2,96.0,534.5,0.18,8.5
2026-02-04,2,Dinner,,37,4,3,497.25,1269.5,0.392,9.25
2026-02-04,2,Lunch,,15,2,2,288.0,665.5,0.433,7.5
2026-02-05,3,Dinner,,38,4,4,384.0,1761.5,0.218,9.5
2026-02-05,3,Lunch,,22,2,2,288.0,908.0,0.317,11.0
2026-02-06,4,Dinner,,62,6,4,706.5,2699.0,0.262,10.33
2026-02-06,4,Late,,8,2,2,192.0,397.5,0.483,4.0
2026-02-06,4,Lunch,,32,3,2,235.5,1466.0,0.161,10.67
2026-02-07,5,Dinner,,73,6,5,785.25,3270.5,0.24,12.17
2026-02-07,5,Late,,10,2,2,288.0,341.0,0.845,5.0
2026-02-07,5,Lunch,,29,3,3,144.0,1181.5,0.122,9.67
2026-02-08,6,Dinner,,56,5,4,641.25,2344.5,0.274,11.2
2026-02-08,6,Lunch,,26,3,2,353.25,840.0,0.421,8.67
2026-02-10,1,Dinner,,33,4,3,331.5,1509.5,0.22,8.25
2026-02-10,1,Lunch,,17,2,2,192.0,742.5,0.259,8.5
2026-02-11,2,Dinner,,39,4,3,331.5,1690.5,0.196,9.75
2026-02-11,2,Lunch,,18,2,2,192.0,636.0,0.302,9.0
2026-02-12,3,Dinner,,49,4,3,497.25,2249.5,0.221,12.25
2026-02-12,3,Lunch,,21,2,2,96.0,764.0,0.126,10.5
2026-02-13,4,Dinner,,59,6,5,523.5,2590.5,0.202,9.83
2026-02-13,4,Late,,9,2,2,288.0,364.0,0.791,4.5
2026-02-13,4,Lunch,,25,3,2,353.25,1090.0,0.324,8.33
2026-02-14,5,Dinner,Valentine's Day,92,10,8,855.0,4555.72,0.188,9.2
2026-02-14,5,Late,Valentine's Day,13,2,2,192.0,871.9,0.22,6.5
2026-02-14,5,Lunch,Valentine's Day,43,5,4,427.5,2496.92,0.171,8.6
2026-02-15,6,Dinner,,55,6,4,235.5,2138.0,0.11,9.17
2026-02-15,6,Lunch,,27,3,2,235.5,1205.5,0.195,9.0
2026-02-17,1,Dinner,,39,4,3,497.25,1600.0,0.311,9.75
2026-02-17,1,Lunch,,19,2,2,288.0,848.0,0.34,9.5
2026-02-18,2,Dinner,,42,4,3,497.25,1765.0,0.282,10.5
2026-02-18,2,Lunch,,20,2,2,288.0,1046.0,0.275,10.0
2026-02-19,3,Dinner,,44,5,4,213.75,1941.0,0.11,8.8
2026-02-19,3,Lunch,,25,2,2,192.0,1146.5,0.167,12.5
2026-02-20,4,Dinner,,69,6,5,785.25,2843.0,0.276,11.5
2026-02-20,4,Late,,7,2,2,192.0,298.5,0.643,3.5
2026-02-20,4,Lunch,,22,3,2,117.75,886.0,0.133,7.33
2026-02-21,5,Dinner,,76,8,6,994.5,3248.0,0.306,9.5
2026-02-21,5,Late,,7,2,2,288.0,306.5,0.94,3.5
2026-02-21,5,Lunch,,31,4,3,497.25,1404.0,0.354,7.75
2026-02-22,6,Dinner,,46,6,4,471.0,1820.5,0.259,7.67
2026-02-22,6,Lunch,,22,3,2,353.25,1299.0,0.272,7.33
2026-02-24,1,Dinner,,37,4,3,331.5,1731.5,0.191,9.25
2026-02-24,1,Lunch,,15,2,2,96.0,616.0,0.156,7.5
2026-02-25,2,Dinner,,41,4,3,165.75,1922.5,0.086,10.25
2026-02-25,2,Lunch,,19,2,2,192.0,1041.5,0.184,9.5
2026-02-26,3,Dinner,,34,5,4,427.5,1400.5,0.305,6.8
2026-02-26,3,Lunch,,18,3,2,353.25,908.0,0.389,6.0
2026-02-27,4,Dinner,,57,6,5,261.75,2571.5,0.102,9.5
2026-02-27,4,Late,,8,2,2,288.0,387.0,0.744,4.0
2026-02-27,4,Lunch,,28,3,2,235.5,1416.0,0.166,9.33
2026-02-28,5,Dinner,,68,8,6,331.5,3021.5,0.11,8.5
2026-02-28,5,Late,,9,2,2,192.0,343.0,0.56,4.5
2026-02-28,5,Lunch,,33,4,3,331.5,1561.5,0.212,8.25
2026-03-01,6,Dinner,,62,6,5,785.25,2980.5,0.263,10.33
2026-03-01,6,Lunch,,28,3,2,235.5,1142.5,0.206,9.33
2026-03-03,1,Dinner,,38,4,3,497.25,1545.5,0.322,9.5
2026-03-03,1,Lunch,,17,2,2,192.0,646.0,0.297,8.5
2026-03-04,2,Dinner,,47,4,4,384.0,2302.0,0.167,11.75
2026-03-04,2,Lunch,,20,2,2,288.0,826.0,0.349,10.0
2026-03-05,3,Dinner,,51,5,4,641.25,1802.5,0.356,10.2
2026-03-05,3,Lunch,,21,3,2,235.5,1042.0,0.226,7.0
2026-03-06,4,Dinner,,64,7,5,567.0,2816.0,0.201,9.14
2026-03-06,4,Late,,9,2,2,192.0,576.5,0.333,4.5
2026-03-06,4,Lunch,,29,3,3,432.0,1388.0,0.311,9.67
2026-03-07,5,Dinner,,63,8,6,663.0,3000.0,0.221,7.88
2026-03-07,5,Late,,8,2,2,288.0,426.0,0.676,4.0
2026-03-07,5,Lunch,,27,4,3,497.25,1388.5,0.358,6.75
2026-03-08,6,Dinner,,55,6,5,261.75,2739.5,0.096,9.17
2026-03-08,6,Lunch,,21,3,2,353.25,823.0,0.429,7.0
2026-03-10,1,Dinner,,38,4,3,331.5,1558.0,0.213,9.5
2026-03-10,1,Lunch,,19,2,2,288.0,632.5,0.455,9.5
2026-03-11,2,Dinner,,48,5,4,641.25,2344.0,0.274,9.6
2026-03-11,2,Lunch,,20,2,2,192.0,718.0,0.267,10.0
2026-03-12,3,Dinner,,48,5,4,427.5,2042.0,0.209,9.6
2026-03-12,3,Lunch,,25,3,2,353.25,884.0,0.4,8.33
2026-03-13,4,Dinner,,65,7,5,850.5,2581.5,0.329,9.29
2026-03-13,4,Late,,8,2,2,288.0,353.5,0.815,4.0
2026-03-13,4,Lunch,,34,3,2,235.5,1350.5,0.174,11.33
2026-03-14,5,Dinner,,62,8,6,994.5,2577.5,0.386,7.75
2026-03-14,5,Late,,8,2,2,192.0,341.0,0.563,4.0
2026-03-14,5,Lunch,,32,4,3,331.5,1368.0,0.242,8.0
2026-03-15,6,Dinner,Mother's Day,102,9,7,759.0,4176.15,0.182,11.33
2026-03-15,6,Lunch,Mother's Day,42,4,4,192.0,1956.9,0.098,10.5
2026-03-17,1,Dinner,,33,4,3,497.25,1580.5,0.315,8.25
2026-03-17,1,Lunch,,21,2,2,192.0,854.5,0.225,10.5
2026-03-18,2,Dinner,,39,5,4,213.75,1858.0,0.115,7.8
2026-03-18,2,Lunch,,21,2,2,288.0,1025.5,0.281,10.5
2026-03-19,3,Dinner,,48,5,4,641.25,2097.0,0.306,9.6
2026-03-19,3,Lunch,,23,3,2,235.5,1295.0,0.182,7.67
2026-03-20,4,Dinner,,71,7,5,283.5,3384.5,0.084,10.14
2026-03-20,4,Late,,8,2,2,192.0,292.0,0.658,4.0
2026-03-20,4,Lunch,,24,3,3,432.0,1000.5,0.432,8.0
2026-03-21,5,Dinner,,65,7,6,309.75,2899.5,0.107,9.29
2026-03-21,5,Late,,9,2,2,288.0,394.5,0.73,4.5
2026-03-21,5,Lunch,,32,4,3,497.25,1240.0,0.401,8.0
2026-03-22,6,Dinner,,58,7,6,929.25,2551.0,0.364,8.29
2026-03-22,6,Lunch,,28,3,3,288.0,977.0,0.295,9.33
2026-03-24,1,Dinner,,40,4,3,331.5,1833.5,0.181,10.0
2026-03-24,1,Lunch,,18,2,2,288.0,634.0,0.454,9.0
2026-03-25,2,Dinner,,42,5,4,427.5,1815.0,0.236,8.4
2026-03-25,2,Lunch,,22,2,2,96.0,1138.5,0.084,11.0
2026-03-26,3,Dinner,,54,5,4,427.5,2034.0,0.21,10.8
2026-03-26,3,Lunch,,19,3,2,353.25,836.5,0.422,6.33
2026-03-27,4,Dinner,,72,7,5,567.0,3515.5,0.161,10.29
2026-03-27,4,Late,,9,2,2,288.0,415.5,0.693,4.5
2026-03-27,4,Lunch,,29,3,3,288.0,1271.0,0.227,9.67
2026-03-28,5,Dinner,,75,7,5,567.0,3384.0,0.168,10.71
2026-03-28,5,Late,,11,2,2,96.0,440.0,0.218,5.5
2026-03-28,5,Lunch,,33,4,3,331.5,1625.5,0.204,8.25
2026-03-29,6,Dinner,,60,7,6,619.5,2421.5,0.256,8.57
2026-03-29,6,Lunch,,33,3,3,432.0,1387.0,0.311,11.0
2026-03-31,1,Dinner,,43,4,3,497.25,1746.0,0.285,10.75
2026-03-31,1,Lunch,,18,2,2,192.0,724.0,0.265,9.0
2026-04-01,2,Dinner,,47,5,4,641.25,2157.0,0.297,9.4
2026-04-01,2,Lunch,,19,3,2,235.5,960.5,0.245,6.33
2026-04-02,3,Dinner,,53,6,4,706.5,2321.5,0.304,8.83
2026-04-02,3,Lunch,,24,3,2,235.5,843.5,0.279,8.0
2026-04-03,4,Dinner,,57,7,6,929.25,2266.0,0.41,8.14
2026-04-03,4,Late,,7,2,2,96.0,462.0,0.208,3.5
2026-04-03,4,Lunch,,29,3,3,432.0,1272.0,0.34,9.67
2026-04-04,5,Dinner,,73,7,6,929.25,3003.5,0.309,10.43
2026-04-04,5,Late,,10,2,2,192.0,488.5,0.393,5.0
2026-04-04,5,Lunch,,31,4,3,497.25,1594.5,0.312,7.75
2026-04-05,6,Dinner,Easter Sunday,90,9,7,1138.5,4196.5,0.271,10.0
2026-04-05,6,Lunch,Easter Sunday,45,5,4,213.75,2098.25,0.102,9.0
2026-04-07,1,Dinner,,42,4,3,331.5,1560.5,0.212,10.5
2026-04-07,1,Lunch,,17,2,2,288.0,642.5,0.448,8.5
2026-04-08,2,Dinner,,44,5,4,427.5,1956.0,0.219,8.8
2026-04-08,2,Lunch,,20,3,2,353.25,812.0,0.435,6.67
2026-04-09,3,Dinner,,54,6,4,471.0,2222.5,0.212,9.0
2026-04-09,3,Lunch,,24,3,2,353.25,1009.5,0.35,8.0
2026-04-10,4,Dinner,,75,7,6,619.5,2911.5,0.213,10.71
2026-04-10,4,Late,,8,2,2,192.0,386.5,0.497,4.0
2026-04-10,4,Lunch,,30,3,3,288.0,1419.0,0.203,10.0
2026-04-11,5,Dinner,,97,7,6,619.5,3688.0,0.168,13.86
2026-04-11,5,Late,,10,2,2,288.0,438.5,0.657,5.0
2026-04-11,5,Lunch,,35,4,3,331.5,1340.5,0.247,8.75
2026-04-12,6,Dinner,,63,8,6,663.0,2456.0,0.27,7.88
2026-04-12,6,Lunch,,33,4,3,331.5,1355.0,0.245,8.25
2026-04-14,1,Dinner,,41,4,4,576.0,2263.5,0.254,10.25
2026-04-14,1,Lunch,,20,2,2,192.0,871.5,0.22,10.0
2026-04-15,2,Dinner,,42,5,4,641.25,1856.0,0.346,8.4
2026-04-15,2,Lunch,,21,3,2,117.75,897.5,0.131,7.0
2026-04-16,3,Dinner,,47,6,5,785.25,1905.5,0.412,7.83
2026-04-16,3,Lunch,,25,3,2,235.5,796.0,0.296,8.33
2026-04-17,4,Dinner,,75,7,6,929.25,3562.5,0.261,10.71
2026-04-17,4,Late,,9,2,2,288.0,346.5,0.831,4.5
2026-04-17,4,Lunch,,34,3,3,432.0,1398.0,0.309,11.33
2026-04-18,5,Dinner,,80,8,6,994.5,3011.0,0.33,10.0
2026-04-18,5,Late,,10,2,2,96.0,421.0,0.228,5.0
2026-04-18,5,Lunch,,34,4,3,497.25,1277.5,0.389,8.5
2026-04-19,6,Dinner,,51,7,6,929.25,2279.5,0.408,7.29
2026-04-19,6,Lunch,,32,4,3,497.25,1269.5,0.392,8.0
2026-04-21,1,Dinner,,33,5,4,213.75,1377.0,0.155,6.6
2026-04-21,1,Lunch,,18,2,2,288.0,681.0,0.423,9.0
2026-04-22,2,Dinner,,52,5,4,427.5,2402.5,0.178,10.4
2026-04-22,2,Lunch,,18,3,2,235.5,745.5,0.316,6.0
2026-04-23,3,Dinner,,47,6,4,471.0,2087.0,0.226,7.83
2026-04-23,3,Lunch,,26,3,2,353.25,1005.5,0.351,8.67
2026-04-24,4,Dinner,,48,7,6,619.5,1873.0,0.331,6.86
2026-04-24,4,Late,,8,2,2,96.0,264.5,0.363,4.0
2026-04-24,4,Lunch,,27,4,3,331.5,1020.5,0.325,6.75
2026-04-25,5,Dinner,,80,9,7,759.0,3137.0,0.242,8.89
2026-04-25,5,Late,,9,2,2,192.0,496.0,0.387,4.5
2026-04-25,5,Lunch,,44,4,3,165.75,2204.0,0.075,11.0
2026-04-26,6,Dinner,,53,7,6,619.5,2529.5,0.245,7.57
2026-04-26,6,Lunch,,30,4,3,331.5,1298.0,0.255,7.5
2026-04-28,1,Dinner,,41,4,4,384.0,1717.5,0.224,10.25
2026-04-28,1,Lunch,,18,2,2,192.0,587.0,0.327,9.0
2026-04-29,2,Dinner,,49,5,4,641.25,2192.5,0.292,9.8
2026-04-29,2,Lunch,,21,2,2,288.0,986.5,0.292,10.5
2026-04-30,3,Dinner,,54,6,4,706.5,2199.5,0.321,9.0
2026-04-30,3,Lunch,,24,3,2,117.75,1089.0,0.108,8.0
2026-05-01,4,Dinner,,77,7,5,850.5,3547.0,0.24,11.0
2026-05-01,4,Late,,10,2,2,192.0,578.0,0.332,5.0
2026-05-01,4,Lunch,,30,3,3,432.0,1622.0,0.266,10.0
2026-05-02,5,Dinner,,72,9,7,1138.5,3442.0,0.331,8.0
2026-05-02,5,Late,,11,2,2,288.0,623.0,0.462,5.5
2026-05-02,5,Lunch,,33,4,3,331.5,1208.0,0.274,8.25
2026-05-03,6,Dinner,,73,7,5,850.5,2904.0,0.293,10.43
2026-05-03,6,Lunch,,29,4,3,497.25,1011.5,0.492,7.25
2026-05-05,1,Dinner,,48,4,4,576.0,2208.5,0.261,12.0
2026-05-05,1,Lunch,,19,2,2,288.0,809.5,0.356,9.5
2026-05-06,2,Dinner,,48,5,4,427.5,2162.0,0.198,9.6
2026-05-06,2,Lunch,,22,2,2,192.0,906.5,0.212,11.0
2026-05-07,3,Dinner,,51,6,4,235.5,2498.5,0.094,8.5
2026-05-07,3,Lunch,,28,3,2,235.5,1206.0,0.195,9.33
2026-05-08,4,Dinner,,67,7,6,619.5,2796.0,0.222,9.57
2026-05-08,4,Late,,9,2,2,288.0,482.0,0.598,4.5
2026-05-08,4,Lunch,,29,4,3,165.75,1486.5,0.112,7.25
2026-05-09,5,Dinner,,84,9,7,759.0,3693.5,0.205,9.33
2026-05-09,5,Late,,10,2,2,192.0,366.5,0.524,5.0
2026-05-09,5,Lunch,,31,4,3,497.25,1380.0,0.36,7.75
2026-05-10,6,Dinner,,49,6,5,523.5,2352.0,0.223,8.17
2026-05-10,6,Lunch,,33,4,3,331.5,1318.0,0.252,8.25
2026-05-12,1,Dinner,,35,5,4,213.75,1537.0,0.139,7.0
2026-05-12,1,Lunch,,18,2,2,96.0,751.5,0.128,9.0
2026-05-13,2,Dinner,,48,5,4,641.25,2329.5,0.275,9.6
2026-05-13,2,Lunch,,20,3,2,353.25,645.5,0.547,6.67
2026-05-14,3,Dinner,,51,5,4,427.5,2228.0,0.192,10.2
2026-05-14,3,Lunch,,24,3,2,353.25,1393.0,0.254,8.0
2026-05-15,4,Dinner,,72,7,6,929.25,3181.0,0.292,10.29
2026-05-15,4,Late,,8,2,2,192.0,301.0,0.638,4.0
2026-05-15,4,Lunch,,32,3,3,288.0,1260.5,0.228,10.67
2026-05-16,5,Dinner,,84,8,7,1073.25,3924.5,0.273,10.5
2026-05-16,5,Late,,11,2,2,288.0,441.5,0.652,5.5
2026-05-16,5,Lunch,,39,4,3,165.75,1472.0,0.113,9.75
2026-05-17,6,Dinner,,66,6,5,785.25,2931.5,0.268,11.0
2026-05-17,6,Lunch,,31,4,3,497.25,1249.0,0.398,7.75
2026-05-19,1,Dinner,,42,4,4,384.0,1705.5,0.225,10.5
2026-05-19,1,Lunch,,23,2,2,192.0,790.0,0.243,11.5
2026-05-20,2,Dinner,,43,5,4,427.5,2250.5,0.19,8.6
2026-05-20,2,Lunch,,21,3,2,235.5,1013.0,0.232,7.0
2026-05-21,3,Dinner,,46,6,4,706.5,1861.5,0.38,7.67
2026-05-21,3,Lunch,,22,3,2,117.75,1099.5,0.107,7.33
2026-05-22,4,Dinner,,70,7,6,619.5,3186.0,0.194,10.0
2026-05-22,4,Late,,9,2,2,288.0,312.0,0.923,4.5
2026-05-22,4,Lunch,,30,3,3,432.0,1160.0,0.372,10.0
2026-05-23,5,Dinner,,73,8,7,715.5,3044.0,0.235,9.12
2026-05-23,5,Late,,11,2,2,192.0,641.0,0.3,5.5
2026-05-23,5,Lunch,,37,4,3,331.5,1845.0,0.18,9.25
2026-05-24,6,Dinner,,63,7,5,283.5,2507.5,0.113,9.0
2026-05-24,6,Lunch,,32,4,3,331.5,1341.5,0.247,8.0
2026-05-26,1,Dinner,,44,5,4,641.25,1708.5,0.375,8.8
2026-05-26,1,Lunch,,18,2,2,288.0,700.0,0.411,9.0
2026-05-27,2,Dinner,,40,5,4,641.25,1973.0,0.325,8.0
2026-05-27,2,Lunch,,22,3,2,353.25,837.5,0.422,7.33
2026-05-28,3,Dinner,,54,6,4,235.5,2798.0,0.084,9.0
2026-05-28,3,Lunch,,24,3,2,235.5,1087.0,0.217,8.0
2026-05-29,4,Dinner,,72,8,6,994.5,2484.0,0.4,9.0
2026-05-29,4,Late,,8,2,2,192.0,339.0,0.566,4.0
2026-05-29,4,Lunch,,29,4,3,165.75,1517.5,0.109,7.25
2026-05-30,5,Dinner,,89,8,7,1073.25,3782.5,0.284,11.12
2026-05-30,5,Late,,10,2,2,288.0,486.5,0.592,5.0
2026-05-30,5,Lunch,,41,4,3,497.25,1812.0,0.274,10.25
2026-05-31,6,Dinner,,49,7,5,567.0,2204.5,0.257,7.0
2026-05-31,6,Lunch,,31,4,3,497.25,1400.0,0.355,7.75
2026-06-02,1,Dinner,,44,5,4,427.5,1811.5,0.236,8.8
2026-06-02,1,Lunch,,18,2,2,96.0,681.0,0.141,9.0
2026-06-03,2,Dinner,,54,5,4,213.75,2459.5,0.087,10.8
2026-06-03,2,Lunch,,21,3,2,235.5,965.5,0.244,7.0
2026-06-04,3,Dinner,,50,6,4,471.0,2243.0,0.21,8.33
2026-06-04,3,Lunch,,31,3,2,353.25,1463.0,0.241,10.33
2026-06-05,4,Dinner,,77,8,6,331.5,3422.5,0.097,9.62
2026-06-05,4,Late,,11,2,2,288.0,330.5,0.871,5.5
2026-06-05,4,Lunch,,32,3,3,288.0,1422.0,0.203,10.67
2026-06-06,5,Dinner,,87,9,7,379.5,3596.5,0.106,9.67
2026-06-06,5,Late,,13,2,2,192.0,467.5,0.411,6.5
2026-06-06,5,Lunch,,34,4,3,331.5,1615.0,0.205,8.5
2026-06-07,6,Dinner,,60,6,5,785.25,2625.5,0.299,10.0
2026-06-07,6,Lunch,,27,4,3,331.5,1186.5,0.279,6.75
2026-06-09,1,Dinner,,43,5,4,641.25,1786.0,0.359,8.6
2026-06-09,1,Lunch,,20,2,2,192.0,840.5,0.228,10.0
2026-06-10,2,Dinner,,51,5,4,427.5,2024.5,0.211,10.2
2026-06-10,2,Lunch,,25,3,2,353.25,1086.5,0.325,8.33
2026-06-11,3,Dinner,,59,6,4,706.5,2815.0,0.251,9.83
2026-06-11,3,Lunch,,21,3,2,235.5,883.5,0.267,7.0
2026-06-12,4,Dinner,,85,8,6,663.0,3545.5,0.187,10.62
2026-06-12,4,Late,,9,2,2,192.0,376.0,0.511,4.5
2026-06-12,4,Lunch,,33,4,3,497.25,1592.0,0.312,8.25
2026-06-13,5,Dinner,,89,9,7,759.0,4075.5,0.186,9.89
2026-06-13,5,Late,,12,2,2,288.0,486.5,0.592,6.0
2026-06-13,5,Lunch,,37,4,3,497.25,1463.5,0.34,9.25
2026-06-14,6,Dinner,,57,6,5,261.75,2346.5,0.112,9.5
2026-06-14,6,Lunch,,33,4,3,497.25,1392.0,0.357,8.25
2026-06-16,1,Dinner,,40,5,4,427.5,1857.5,0.23,8.0
2026-06-16,1,Lunch,,22,2,2,288.0,1046.5,0.275,11.0
2026-06-17,2,Dinner,,43,5,4,641.25,2341.0,0.274,8.6
2026-06-17,2,Lunch,,24,3,2,235.5,1065.5,0.221,8.0
2026-06-18,3,Dinner,,52,6,5,523.5,2444.5,0.214,8.67
2026-06-18,3,Lunch,,27,3,2,353.25,1078.5,0.328,9.0
2026-06-19,4,Dinner,,80,8,6,994.5,3471.5,0.286,10.0
2026-06-19,4,Late,,10,2,2,288.0,611.5,0.471,5.0
2026-06-19,4,Lunch,,30,4,3,331.5,1322.5,0.251,7.5
2026-06-20,5,Dinner,,97,9,7,1138.5,3743.0,0.304,10.78
2026-06-20,5,Late,,10,2,2,192.0,387.0,0.496,5.0
2026-06-20,5,Lunch,,37,4,3,331.5,1600.0,0.207,9.25
2026-06-21,6,Dinner,Father's Day,95,8,6,663.0,4753.92,0.139,11.88
2026-06-21,6,Lunch,Father's Day,43,5,4,213.75,2215.24,0.096,8.6
2026-06-23,1,Dinner,,47,5,4,641.25,2117.0,0.303,9.4
2026-06-23,1,Lunch,,20,2,2,192.0,1068.5,0.18,10.0
2026-06-24,2,Dinner,,48,5,4,213.75,2672.5,0.08,9.6
2026-06-24,2,Lunch,,22,3,2,353.25,850.0,0.416,7.33
2026-06-25,3,Dinner,,50,6,5,785.25,2078.0,0.378,8.33
2026-06-25,3,Lunch,,30,3,2,235.5,1573.0,0.15,10.0
2026-06-26,4,Dinner,,87,8,7,357.75,4012.5,0.089,10.88
2026-06-26,4,Late,,12,2,2,192.0,483.0,0.398,6.0
2026-06-26,4,Lunch,,26,4,3,497.25,1122.0,0.443,6.5
2026-06-27,5,Dinner,,68,10,7,401.25,2747.0,0.146,6.8
2026-06-27,5,Late,,10,2,2,288.0,313.5,0.919,5.0
2026-06-27,5,Lunch,,37,4,3,497.25,1743.5,0.285,9.25
2026-06-28,6,Dinner,,68,7,6,929.25,2848.5,0.326,9.71
2026-06-28,6,Lunch,,31,4,3,331.5,1213.0,0.273,7.75
2026-06-30,1,Dinner,,48,5,4,427.5,2277.5,0.188,9.6
2026-06-30,1,Lunch,,18,2,2,288.0,735.0,0.392,9.0
2026-07-01,2,Dinner,,45,5,4,427.5,1902.0,0.225,9.0
2026-07-01,2,Lunch,,25,3,2,117.75,950.5,0.124,8.33
2026-07-02,3,Dinner,,71,6,5,523.5,2539.0,0.206,11.83
2026-07-02,3,Lunch,,29,3,3,432.0,1169.5,0.369,9.67
2026-07-03,4,Dinner,,76,9,7,759.0,3376.0,0.225,8.44
2026-07-03,4,Late,,10,2,2,288.0,351.0,0.821,5.0
2026-07-03,4,Lunch,,37,4,3,331.5,1244.5,0.266,9.25
2026-07-04,5,Dinner,,73,9,7,759.0,2818.5,0.269,8.11
2026-07-04,5,Late,,12,2,2,96.0,483.0,0.199,6.0
2026-07-04,5,Lunch,,43,4,3,331.5,1794.0,0.185,10.75
2026-07-05,6,Dinner,,85,7,6,619.5,3959.5,0.156,12.14
2026-07-05,6,Lunch,,32,4,3,497.25,1301.0,0.382,8.0
2026-07-07,1,Dinner,,55,5,4,641.25,2690.5,0.238,11.0
2026-07-07,1,Lunch,,21,2,2,192.0,887.5,0.216,10.5
2026-07-08,2,Dinner,,55,5,4,641.25,2217.5,0.289,11.0
2026-07-08,2,Lunch,,22,3,2,235.5,1236.5,0.19,7.33
2026-07-09,3,Dinner,,54,6,5,785.25,2263.0,0.347,9.0
2026-07-09,3,Lunch,,28,3,3,288.0,1087.0,0.265,9.33
2026-07-10,4,Dinner,,88,9,7,1138.5,3567.5,0.319,9.78
2026-07-10,4,Late,,10,2,2,96.0,500.0,0.192,5.0
2026-07-10,4,Lunch,,37,4,3,497.25,1691.0,0.294,9.25
2026-07-11,5,Dinner,,88,9,7,1138.5,3648.0,0.312,9.78
2026-07-11,5,Late,,10,2,2,192.0,458.0,0.419,5.0
2026-07-11,5,Lunch,,34,4,3,497.25,1480.0,0.336,8.5
2026-07-12,6,Dinner,,71,8,6,994.5,2953.5,0.337,8.88
2026-07-12,6,Lunch,,32,4,3,165.75,1307.0,0.127,8.0
2026-07-14,1,Dinner,,40,5,4,427.5,1594.5,0.268,8.0
2026-07-14,1,Lunch,,18,3,2,353.25,684.0,0.516,6.0
2026-07-15,2,Dinner,,50,5,4,427.5,1883.0,0.227,10.0
2026-07-15,2,Lunch,,25,3,2,353.25,1007.5,0.351,8.33
2026-07-16,3,Dinner,,64,6,5,523.5,2609.5,0.201,10.67
2026-07-16,3,Lunch,,20,3,3,432.0,693.0,0.623,6.67
2026-07-17,4,Dinner,,73,9,7,759.0,3100.5,0.245,8.11
2026-07-17,4,Late,,9,2,2,192.0,280.0,0.686,4.5
2026-07-17,4,Lunch,,37,4,3,331.5,1477.0,0.224,9.25
2026-07-18,5,Dinner,,92,9,7,759.0,4232.0,0.179,10.22
2026-07-18,5,Late,,14,2,2,288.0,477.0,0.604,7.0
2026-07-18,5,Lunch,,44,4,3,331.5,2053.5,0.161,11.0
2026-07-19,6,Dinner,,75,8,7,715.5,3562.5,0.201,9.38
2026-07-19,6,Lunch,,35,4,3,331.5,1460.0,0.227,8.75
2026-07-21,1,Dinner,,51,5,4,641.25,2276.5,0.282,10.2
2026-07-21,1,Lunch,,21,2,2,192.0,998.5,0.192,10.5
2026-07-22,2,Dinner,,59,5,4,641.25,2824.5,0.227,11.8
2026-07-22,2,Lunch,,26,3,2,117.75,855.0,0.138,8.67
2026-07-23,3,Dinner,,56,6,5,785.25,2430.5,0.323,9.33
2026-07-23,3,Lunch,,26,3,3,288.0,1256.0,0.229,8.67
2026-07-24,4,Dinner,,85,9,7,1138.5,3396.5,0.335,9.44
2026-07-24,4,Late,,12,2,2,288.0,379.0,0.76,6.0
2026-07-24,4,Lunch,,35,4,3,497.25,1372.0,0.362,8.75
2026-07-25,5,Dinner,,85,9,7,1138.5,3536.0,0.322,9.44
2026-07-25,5,Late,,12,2,2,96.0,535.0,0.179,6.0
2026-07-25,5,Lunch,,39,4,4,576.0,1817.0,0.317,9.75
2026-07-26,6,Dinner,,79,8,6,994.5,3556.5,0.28,9.88
2026-07-26,6,Lunch,,32,4,3,497.25,1523.5,0.326,8.0
2026-07-28,1,Dinner,,43,5,4,213.75,1521.0,0.141,8.6
2026-07-28,1,Lunch,,17,2,2,288.0,766.0,0.376,8.5
2026-07-29,2,Dinner,,40,6,5,523.5,1680.0,0.312,6.67
2026-07-29,2,Lunch,,22,3,2,235.5,834.5,0.282,7.33
2026-07-30,3,Dinner,,54,7,5,567.0,2425.0,0.234,7.71
2026-07-30,3,Lunch,,25,3,2,353.25,1173.5,0.301,8.33
2026-07-31,4,Dinner,,87,9,7,759.0,3750.5,0.202,9.67
2026-07-31,4,Late,,10,2,2,96.0,284.0,0.338,5.0
2026-07-31,4,Lunch,,36,4,3,331.5,1632.5,0.203,9.0
2026-08-01,5,Dinner,,82,9,7,759.0,3421.5,0.222,9.11
2026-08-01,5,Late,,12,2,2,192.0,677.0,0.284,6.0
2026-08-01,5,Lunch,,34,4,4,192.0,1658.5,0.116,8.5
2026-08-02,6,Dinner,,61,8,6,663.0,2434.5,0.272,7.62
2026-08-02,6,Lunch,,28,4,3,331.5,1352.0,0.245,7.0
2026-08-04,1,Dinner,,43,5,4,427.5,2176.5,0.196,8.6
2026-08-04,1,Lunch,,22,2,2,192.0,971.5,0.198,11.0
2026-08-05,2,Dinner,,49,6,4,706.5,2326.0,0.304,8.17
2026-08-05,2,Lunch,,24,3,2,353.25,1072.0,0.33,8.0
2026-08-06,3,Dinner,,50,6,5,785.25,1896.5,0.414,8.33
2026-08-06,3,Lunch,,27,3,2,117.75,1535.5,0.077,9.0
2026-08-07,4,Dinner,,72,9,7,1138.5,3317.0,0.343,8.0
2026-08-07,4,Late,,8,2,2,192.0,292.5,0.656,4.0
2026-08-07,4,Lunch,,34,4,3,497.25,1543.5,0.322,8.5
2026-08-08,5,Dinner,,89,9,7,1138.5,3741.5,0.304,9.89
2026-08-08,5,Late,,10,2,2,288.0,546.5,0.527,5.0
2026-08-08,5,Lunch,,32,4,3,331.5,1502.0,0.221,8.0
2026-08-09,6,Dinner,,67,8,6,994.5,3178.0,0.313,8.38
2026-08-09,6,Lunch,,28,4,3,497.25,1195.5,0.416,7.0
2026-08-11,1,Dinner,,34,5,4,641.25,1452.0,0.442,6.8
2026-08-11,1,Lunch,,23,2,2,288.0,905.5,0.318,11.5
