order_id,date,time,hour,dow_name,day_part,gross_sales,net_sales,tax,tip,table_number,source
1,2026-07-17,19:13:56,19,Friday,Dinner,2.7,2.25,0.45,0.0,47,Point of Sale
2,2026-07-17,20:00:55,20,Friday,Dinner,3.5,2.92,0.58,0.0,43,Point of Sale
3,2026-07-17,20:05:48,20,Friday,Dinner,2.7,2.25,0.45,0.0,41,Point of Sale
4,2026-07-17,20:06:20,20,Friday,Dinner,49.85,41.54,8.31,4.98,46,Point of Sale
5,2026-07-17,20:16:28,20,Friday,Dinner,79.35,66.13,13.22,7.94,44,Register
6,2026-07-17,20:33:19,20,Friday,Dinner,71.35,59.46,11.89,5.95,8,Register
7,2026-07-17,20:58:25,20,Friday,Dinner,129.8,108.17,21.63,0.0,20,Register
8,2026-07-17,21:33:41,21,Friday,Dinner,49.0,40.83,8.17,0.0,47,Point of Sale
9,2026-07-17,21:57:38,21,Friday,Dinner,72.65,60.54,12.11,7.35,12,Register
10,2026-07-17,22:01:15,22,Friday,Dinner,41.95,34.96,6.99,3.5,44,Register
11,2026-07-17,22:02:31,22,Friday,Dinner,0.0,0.0,0.0,0.0,,Point of Sale
12,2026-07-18,08:47:25,8,Saturday,Breakfast,6.0,5.0,1.0,0.0,42,Point of Sale
13,2026-07-18,08:52:27,8,Saturday,Breakfast,3.5,2.92,0.58,0.0,45,Point of Sale
14,2026-07-18,08:53:35,8,Saturday,Breakfast,3.9,3.25,0.65,0.0,47,Point of Sale
15,2026-07-18,08:54:06,8,Saturday,Breakfast,3.6,3.0,0.6,0.0,48,Point of Sale
16,2026-07-18,08:54:35,8,Saturday,Breakfast,3.6,3.0,0.6,0.0,47,Point of Sale
17,2026-07-18,09:30:29,9,Saturday,Breakfast,17.1,14.25,2.85,0.0,42,Point of Sale
18,2026-07-18,09:36:40,9,Saturday,Breakfast,20.5,17.08,3.42,0.0,2,Point of Sale
19,2026-07-18,09:46:09,9,Saturday,Breakfast,7.1,5.92,1.18,0.0,20,Point of Sale
20,2026-07-18,10:02:05,10,Saturday,Breakfast,19.45,16.21,3.24,0.0,9,Point of Sale
21,2026-07-18,10:03:56,10,Saturday,Breakfast,18.45,15.37,3.08,0.0,2,Point of Sale
22,2026-07-18,10:07:04,10,Saturday,Breakfast,21.95,18.29,3.66,0.0,47,Point of Sale
23,2026-07-18,10:12:26,10,Saturday,Breakfast,6.8,5.67,1.13,0.0,1,Point of Sale
24,2026-07-18,10:22:03,10,Saturday,Breakfast,32.85,27.37,5.48,0.0,48,Point of Sale
25,2026-07-18,10:26:46,10,Saturday,Breakfast,9.9,8.25,1.65,0.0,45,Point of Sale
26,2026-07-18,10:28:16,10,Saturday,Breakfast,23.7,19.75,3.95,2.96,42,Point of Sale
27,2026-07-18,10:30:01,10,Saturday,Breakfast,4.1,3.42,0.68,0.0,43,Point of Sale
28,2026-07-18,10:30:24,10,Saturday,Breakfast,6.6,5.5,1.1,0.0,6,Point of Sale
29,2026-07-18,10:34:43,10,Saturday,Breakfast,10.1,8.42,1.68,1.0,10,Point of Sale
30,2026-07-18,10:37:51,10,Saturday,Breakfast,65.75,54.79,10.96,5.48,26,Point of Sale
31,2026-07-18,10:39:07,10,Saturday,Breakfast,10.5,8.75,1.75,0.0,20,Point of Sale
32,2026-07-18,10:59:35,10,Saturday,Breakfast,48.5,40.42,8.08,6.06,25,Register
33,2026-07-18,11:05:57,11,Saturday,Lunch,4.3,3.58,0.72,0.0,45,Point of Sale
34,2026-07-18,11:15:30,11,Saturday,Lunch,43.2,36.0,7.2,3.6,46,Point of Sale
35,2026-07-18,11:15:57,11,Saturday,Lunch,28.2,23.5,4.7,0.0,44,Point of Sale
36,2026-07-18,11:29:43,11,Saturday,Lunch,10.7,8.92,1.78,0.0,42,Point of Sale
37,2026-07-18,11:39:09,11,Saturday,Lunch,23.4,19.5,3.9,1.95,27,Point of Sale
38,2026-07-18,11:40:57,11,Saturday,Lunch,15.25,12.71,2.54,1.91,45,Register
39,2026-07-18,11:42:05,11,Saturday,Lunch,38.2,31.83,6.37,0.0,48,Point of Sale
40,2026-07-18,11:44:20,11,Saturday,Lunch,3.5,2.92,0.58,0.0,9,Register
41,2026-07-18,11:44:24,11,Saturday,Lunch,35.7,29.75,5.95,3.56,2,Point of Sale
42,2026-07-18,11:50:43,11,Saturday,Lunch,87.05,72.54,14.51,8.7,6,Register
43,2026-07-18,12:06:19,12,Saturday,Lunch,62.75,52.29,10.46,5.23,20,Point of Sale
44,2026-07-18,12:17:17,12,Saturday,Lunch,35.3,29.42,5.88,0.0,23,Point of Sale
45,2026-07-18,12:26:59,12,Saturday,Lunch,33.9,28.25,5.65,2.82,2,Register
46,2026-07-18,12:29:22,12,Saturday,Lunch,6.8,5.67,1.13,0.0,43,Register
47,2026-07-18,12:29:48,12,Saturday,Lunch,45.95,38.29,7.66,4.59,46,Point of Sale
48,2026-07-18,12:46:13,12,Saturday,Lunch,38.9,32.42,6.48,5.0,11,Register
49,2026-07-18,13:13:55,13,Saturday,Lunch,32.5,27.08,5.42,3.25,27,Register
50,2026-07-18,13:19:59,13,Saturday,Lunch,85.95,71.63,14.32,7.16,46,Register
51,2026-07-18,13:27:01,13,Saturday,Lunch,87.0,72.5,14.5,7.25,41,Register
52,2026-07-18,13:34:03,13,Saturday,Lunch,45.35,37.79,7.56,3.78,43,Point of Sale
53,2026-07-18,13:35:54,13,Saturday,Lunch,32.4,27.0,5.4,2.7,42,Point of Sale
54,2026-07-18,13:43:23,13,Saturday,Lunch,40.9,34.08,6.82,0.0,3,Point of Sale
55,2026-07-18,13:46:12,13,Saturday,Lunch,66.85,55.71,11.14,6.69,20,Point of Sale
56,2026-07-18,13:47:18,13,Saturday,Lunch,3.9,3.25,0.65,0.0,1,Register
57,2026-07-18,13:50:57,13,Saturday,Lunch,37.6,31.33,6.27,2.4,11,Point of Sale
58,2026-07-18,13:56:52,13,Saturday,Lunch,61.5,51.25,10.25,5.12,5,Point of Sale
59,2026-07-18,14:06:14,14,Saturday,Lunch,7.16,5.97,1.19,0.0,44,Point of Sale
60,2026-07-18,14:13:19,14,Saturday,Lunch,54.25,45.21,9.04,4.52,23,Point of Sale
61,2026-07-18,14:13:58,14,Saturday,Lunch,48.55,40.46,8.09,6.45,25,Point of Sale
62,2026-07-18,14:14:38,14,Saturday,Lunch,54.0,45.0,9.0,4.5,69,Register
63,2026-07-18,14:17:03,14,Saturday,Lunch,45.8,38.17,7.63,3.82,46,Register
64,2026-07-18,14:21:10,14,Saturday,Lunch,83.65,69.71,13.94,6.97,27,Register
65,2026-07-18,14:30:41,14,Saturday,Lunch,34.9,29.08,5.82,0.0,8,Point of Sale
66,2026-07-18,14:36:41,14,Saturday,Lunch,16.96,14.13,2.83,0.0,42,Point of Sale
67,2026-07-18,14:39:02,14,Saturday,Lunch,36.05,30.04,6.01,3.0,41,Point of Sale
68,2026-07-18,14:50:17,14,Saturday,Lunch,50.25,41.87,8.38,0.0,43,Point of Sale
69,2026-07-18,14:52:05,14,Saturday,Lunch,35.85,29.87,5.98,2.15,26,Point of Sale
70,2026-07-18,15:16:01,15,Saturday,Afternoon,14.35,11.96,2.39,0.0,5,Register
71,2026-07-18,15:18:10,15,Saturday,Afternoon,47.0,39.17,7.83,3.92,45,Register
72,2026-07-18,15:28:11,15,Saturday,Afternoon,17.45,14.54,2.91,1.45,12,Point of Sale
73,2026-07-18,15:37:35,15,Saturday,Afternoon,171.15,142.63,28.52,14.26,28,Register
74,2026-07-18,15:41:38,15,Saturday,Afternoon,4.1,3.42,0.68,0.0,1,Register
75,2026-07-18,15:44:13,15,Saturday,Afternoon,41.85,34.87,6.98,3.15,10,Point of Sale
76,2026-07-18,15:47:24,15,Saturday,Afternoon,30.9,25.75,5.15,3.08,48,Point of Sale
77,2026-07-18,15:50:34,15,Saturday,Afternoon,113.7,94.75,18.95,11.37,22,Point of Sale
78,2026-07-18,16:01:55,16,Saturday,Afternoon,23.9,19.92,3.98,1.99,43,Register
79,2026-07-18,16:45:40,16,Saturday,Afternoon,77.6,64.67,12.93,0.0,46,Register
80,2026-07-18,16:51:19,16,Saturday,Afternoon,2.7,2.25,0.45,0.0,41,Point of Sale
81,2026-07-18,16:52:14,16,Saturday,Afternoon,3.7,3.08,0.62,0.0,1,Register
82,2026-07-18,16:59:46,16,Saturday,Afternoon,2.9,2.42,0.48,0.0,48,Register
83,2026-07-18,17:27:49,17,Saturday,Dinner,64.4,53.67,10.73,5.37,43,Register
84,2026-07-18,17:44:06,17,Saturday,Dinner,35.9,29.92,5.98,0.0,5,Register
85,2026-07-18,17:52:23,17,Saturday,Dinner,19.3,16.08,3.22,1.61,42,Register
86,2026-07-18,18:15:53,18,Saturday,Dinner,12.45,10.37,2.08,1.56,41,Register
87,2026-07-18,18:22:08,18,Saturday,Dinner,17.8,14.83,2.97,0.0,45,Register
88,2026-07-18,18:24:55,18,Saturday,Dinner,13.1,10.92,2.18,0.0,47,Register
89,2026-07-18,18:32:29,18,Saturday,Dinner,10.8,9.0,1.8,0.0,42,Register
90,2026-07-18,18:33:34,18,Saturday,Dinner,3.5,2.92,0.58,0.0,20,Register
91,2026-07-18,18:52:45,18,Saturday,Dinner,21.95,18.29,3.66,0.0,1,Register
92,2026-07-18,18:56:02,18,Saturday,Dinner,15.2,12.67,2.53,0.0,48,Register
93,2026-07-18,19:05:42,19,Saturday,Dinner,18.5,15.42,3.08,0.0,26,Register
94,2026-07-18,19:15:24,19,Saturday,Dinner,136.05,113.37,22.68,1.95,28,Register
95,2026-07-18,19:15:36,19,Saturday,Dinner,49.85,41.54,8.31,4.15,22,Register
96,2026-07-18,19:41:11,19,Saturday,Dinner,43.7,36.42,7.28,4.3,23,Register
97,2026-07-18,19:43:54,19,Saturday,Dinner,7.2,6.0,1.2,0.0,43,Register
98,2026-07-18,19:51:00,19,Saturday,Dinner,34.45,28.71,5.74,0.0,Takeawya,Register
99,2026-07-18,20:07:47,20,Saturday,Dinner,111.85,93.21,18.64,11.19,11,Register
100,2026-07-18,20:16:02,20,Saturday,Dinner,33.95,28.29,5.66,0.0,3,Point of Sale
101,2026-07-18,20:44:37,20,Saturday,Dinner,99.65,83.04,16.61,4.98,20,Point of Sale
102,2026-07-18,20:49:51,20,Saturday,Dinner,51.85,43.21,8.64,0.0,26,Point of Sale
103,2026-07-18,20:56:20,20,Saturday,Dinner,3.5,2.92,0.58,0.0,46,Register
104,2026-07-18,21:02:02,21,Saturday,Dinner,31.5,26.25,5.25,2.62,43,Point of Sale
105,2026-07-18,21:03:12,21,Saturday,Dinner,76.4,63.67,12.73,5.6,1,Register
106,2026-07-18,21:03:48,21,Saturday,Dinner,117.7,98.08,19.62,9.81,25,Register
107,2026-07-18,21:08:38,21,Saturday,Dinner,100.25,83.54,16.71,0.0,7,Register
108,2026-07-18,21:34:40,21,Saturday,Dinner,19.05,15.87,3.18,1.59,9 - 2,Point of Sale
109,2026-07-18,21:35:23,21,Saturday,Dinner,20.95,17.46,3.49,0.0,9,Register
110,2026-07-18,21:57:43,21,Saturday,Dinner,55.5,46.25,9.25,4.62,26,Register
111,2026-07-18,21:59:07,21,Saturday,Dinner,123.6,103.0,20.6,6.2,5,Register
112,2026-07-18,21:59:41,21,Saturday,Dinner,10.7,8.92,1.78,1.0,41,Register
113,2026-07-18,22:01:38,22,Saturday,Dinner,95.45,79.54,15.91,7.95,11,Register
114,2026-07-18,22:09:56,22,Saturday,Dinner,115.9,96.58,19.32,9.66,23,Register
115,2026-07-18,22:10:08,22,Saturday,Dinner,95.15,79.29,15.86,9.02,2,Point of Sale
116,2026-07-18,22:14:04,22,Saturday,Dinner,116.8,97.33,19.47,12.85,69,Point of Sale
117,2026-07-18,22:16:13,22,Saturday,Dinner,3.6,3.0,0.6,0.0,1,Register
118,2026-07-18,22:21:20,22,Saturday,Dinner,72.25,62.14,10.11,0.0,27,Register
119,2026-07-18,22:25:23,22,Saturday,Dinner,13.1,10.92,2.18,1.9,47,Point of Sale
120,2026-07-18,22:26:12,22,Saturday,Dinner,14.5,12.08,2.42,0.0,43,Point of Sale
121,2026-07-18,22:28:20,22,Saturday,Dinner,201.3,167.75,33.55,20.7,28,Register
122,2026-07-19,09:29:38,9,Sunday,Breakfast,7.2,6.0,1.2,1.0,43,Register
123,2026-07-19,09:36:40,9,Sunday,Breakfast,3.44,2.87,0.57,0.0,43,Register
124,2026-07-19,09:40:59,9,Sunday,Breakfast,4.1,3.42,0.68,0.0,10,Register
125,2026-07-19,09:48:57,9,Sunday,Breakfast,44.5,37.08,7.42,0.0,6,Point of Sale
126,2026-07-19,10:01:22,10,Sunday,Breakfast,16.7,13.92,2.78,1.39,45,Register
127,2026-07-19,10:34:57,10,Sunday,Breakfast,10.5,8.75,1.75,1.0,9,Register
128,2026-07-19,10:38:46,10,Sunday,Breakfast,11.55,9.63,1.92,0.0,12,Register
129,2026-07-19,10:46:46,10,Sunday,Breakfast,3.5,2.92,0.58,0.0,2,Register
130,2026-07-19,10:50:31,10,Sunday,Breakfast,97.5,81.25,16.25,8.12,6,Point of Sale
131,2026-07-19,10:51:05,10,Sunday,Breakfast,34.65,28.87,5.78,3.46,26,Point of Sale
132,2026-07-19,11:03:02,11,Sunday,Lunch,39.2,32.67,6.53,1.96,1,Point of Sale
133,2026-07-19,11:06:13,11,Sunday,Lunch,4.3,3.58,0.72,0.0,42,Register
134,2026-07-19,11:16:07,11,Sunday,Lunch,25.45,21.21,4.24,2.12,27,Point of Sale
135,2026-07-19,11:21:54,11,Sunday,Lunch,3.5,2.92,0.58,0.0,11,Register
136,2026-07-19,11:23:50,11,Sunday,Lunch,12.0,10.0,2.0,0.0,47,Register
137,2026-07-19,11:27:19,11,Sunday,Lunch,40.0,33.33,6.67,3.33,25,Point of Sale
138,2026-07-19,11:30:19,11,Sunday,Lunch,15.4,12.83,2.57,0.0,46,Register
139,2026-07-19,11:35:20,11,Sunday,Lunch,7.1,5.92,1.18,0.0,42,Point of Sale
140,2026-07-19,11:38:04,11,Sunday,Lunch,29.4,24.5,4.9,2.45,2,Point of Sale
141,2026-07-19,11:47:47,11,Sunday,Lunch,6.8,5.67,1.13,0.0,41,Point of Sale
142,2026-07-19,12:10:09,12,Sunday,Lunch,92.65,77.21,15.44,9.26,28,Point of Sale
143,2026-07-19,12:11:26,12,Sunday,Lunch,7.1,5.92,1.18,0.0,46,Point of Sale
144,2026-07-19,12:24:23,12,Sunday,Lunch,3.5,2.92,0.58,0.0,3,Register
145,2026-07-19,12:27:20,12,Sunday,Lunch,8.45,7.04,1.41,0.0,48,Point of Sale
146,2026-07-19,12:29:00,12,Sunday,Lunch,100.25,83.54,16.71,8.35,20,Register
147,2026-07-19,12:36:04,12,Sunday,Lunch,40.45,33.71,6.74,4.05,26,Point of Sale
148,2026-07-19,12:52:54,12,Sunday,Lunch,7.4,6.17,1.23,0.0,8,Point of Sale
149,2026-07-19,12:53:59,12,Sunday,Lunch,43.0,35.83,7.17,0.0,1,Point of Sale
150,2026-07-19,13:05:26,13,Sunday,Lunch,13.5,11.25,2.25,1.12,23,Register
151,2026-07-19,13:05:36,13,Sunday,Lunch,60.3,50.25,10.05,5.02,25,Point of Sale
152,2026-07-19,13:06:00,13,Sunday,Lunch,3.7,3.08,0.62,0.0,20,Register
153,2026-07-19,13:10:54,13,Sunday,Lunch,33.5,27.92,5.58,2.79,27,Point of Sale
154,2026-07-19,13:12:13,13,Sunday,Lunch,7.6,6.33,1.27,0.0,45,Point of Sale
155,2026-07-19,13:19:06,13,Sunday,Lunch,114.3,95.25,19.05,12.58,28,Point of Sale
156,2026-07-19,13:21:59,13,Sunday,Lunch,9.1,7.58,1.52,0.0,1,Point of Sale
157,2026-07-19,13:22:17,13,Sunday,Lunch,71.75,62.21,9.54,6.22,12,Point of Sale
158,2026-07-19,13:23:45,13,Sunday,Lunch,31.5,26.25,5.25,2.62,46,Register
159,2026-07-19,13:32:07,13,Sunday,Lunch,20.95,17.46,3.49,2.1,22,Point of Sale
160,2026-07-19,13:38:19,13,Sunday,Lunch,36.35,30.29,6.06,0.0,26,Point of Sale
161,2026-07-19,13:44:28,13,Sunday,Lunch,37.45,31.21,6.24,0.0,11,Point of Sale
162,2026-07-19,14:03:32,14,Sunday,Lunch,15.2,12.67,2.53,0.0,45,Point of Sale
163,2026-07-19,14:11:48,14,Sunday,Lunch,88.3,73.58,14.72,0.0,7,Register
164,2026-07-19,14:31:50,14,Sunday,Lunch,41.95,34.96,6.99,3.5,26,Point of Sale
165,2026-07-19,14:40:59,14,Sunday,Lunch,70.8,59.0,11.8,0.0,46,Point of Sale
166,2026-07-19,14:48:27,14,Sunday,Lunch,55.6,46.33,9.27,0.0,25,Point of Sale
167,2026-07-19,14:50:11,14,Sunday,Lunch,103.9,86.58,17.32,16.1,5,Point of Sale
168,2026-07-19,14:52:51,14,Sunday,Lunch,42.0,35.0,7.0,0.0,22,Point of Sale
169,2026-07-19,15:09:33,15,Sunday,Afternoon,67.57,56.31,11.26,6.76,2,Register
170,2026-07-19,15:10:36,15,Sunday,Afternoon,48.0,40.0,8.0,4.8,48,Point of Sale
171,2026-07-19,15:17:02,15,Sunday,Afternoon,3.5,2.92,0.58,0.0,7,Register
172,2026-07-19,15:38:49,15,Sunday,Afternoon,6.0,5.0,1.0,0.0,1,Register
173,2026-07-19,15:49:49,15,Sunday,Afternoon,44.05,36.71,7.34,0.0,43,Register
174,2026-07-19,15:53:39,15,Sunday,Afternoon,7.5,6.25,1.25,0.0,1,Register
175,2026-07-19,16:32:41,16,Sunday,Afternoon,22.5,18.75,3.75,0.0,46,Register
176,2026-07-19,16:33:06,16,Sunday,Afternoon,96.6,80.5,16.1,0.0,5,Register
177,2026-07-19,16:51:22,16,Sunday,Afternoon,4.95,4.13,0.82,0.0,46,Register
178,2026-07-19,16:59:41,16,Sunday,Afternoon,34.0,28.33,5.67,3.4,12,Point of Sale
179,2026-07-19,17:22:40,17,Sunday,Dinner,8.2,6.83,1.37,1.0,44,Point of Sale
180,2026-07-19,17:47:41,17,Sunday,Dinner,25.9,21.58,4.32,2.59,6,Register
181,2026-07-19,17:48:45,17,Sunday,Dinner,74.95,62.46,12.49,0.0,20,Register
182,2026-07-19,17:56:50,17,Sunday,Dinner,49.75,41.46,8.29,4.15,29,Register
183,2026-07-19,18:04:10,18,Sunday,Dinner,98.35,81.96,16.39,0.0,26,Register
184,2026-07-19,18:07:36,18,Sunday,Dinner,285.55,237.96,47.59,23.8,69,Register
185,2026-07-19,18:15:46,18,Sunday,Dinner,4.3,3.58,0.72,0.0,48,Register
186,2026-07-19,18:25:27,18,Sunday,Dinner,7.5,6.25,1.25,0.0,45,Point of Sale
187,2026-07-19,18:32:30,18,Sunday,Dinner,63.4,52.83,10.57,0.0,41,Register
188,2026-07-19,18:45:17,18,Sunday,Dinner,3.5,2.92,0.58,0.0,48,Register
189,2026-07-19,18:52:45,18,Sunday,Dinner,166.15,138.46,27.69,0.0,42,Point of Sale
190,2026-07-19,19:25:50,19,Sunday,Dinner,3.5,2.92,0.58,0.0,41,Register
191,2026-07-19,19:30:48,19,Sunday,Dinner,82.1,68.42,13.68,5.0,46,Point of Sale
192,2026-07-19,19:35:37,19,Sunday,Dinner,3.5,2.92,0.58,0.0,22,Point of Sale
193,2026-07-19,20:00:48,20,Sunday,Dinner,106.85,89.04,17.81,0.0,6,Point of Sale
194,2026-07-19,20:32:05,20,Sunday,Dinner,62.45,52.04,10.41,6.24,20,Point of Sale
195,2026-07-19,20:34:24,20,Sunday,Dinner,16.5,13.75,2.75,0.0,6,Register
196,2026-07-19,20:42:24,20,Sunday,Dinner,41.1,34.25,6.85,0.0,2,Point of Sale
197,2026-07-19,21:33:17,21,Sunday,Dinner,54.75,45.63,9.12,0.0,20,Register
198,2026-07-20,08:52:12,8,Monday,Breakfast,2.9,2.42,0.48,0.0,48,Register
199,2026-07-20,09:13:40,9,Monday,Breakfast,3.3,2.75,0.55,0.0,47,Register
200,2026-07-20,09:38:28,9,Monday,Breakfast,4.6,3.83,0.77,0.0,46,Register
201,2026-07-20,09:40:29,9,Monday,Breakfast,17.95,14.96,2.99,0.0,44,Register
202,2026-07-20,09:43:17,9,Monday,Breakfast,16.9,14.08,2.82,1.41,41,Register
203,2026-07-20,09:50:26,9,Monday,Breakfast,3.6,3.0,0.6,0.0,48,Register
204,2026-07-20,10:04:29,10,Monday,Breakfast,5.5,4.58,0.92,0.0,42,Register
205,2026-07-20,10:38:17,10,Monday,Breakfast,7.2,6.0,1.2,0.0,45,Point of Sale
206,2026-07-20,10:40:01,10,Monday,Breakfast,13.55,11.29,2.26,1.13,47,Point of Sale
207,2026-07-20,10:49:56,10,Monday,Breakfast,16.25,13.54,2.71,1.35,5 - 2,Register
208,2026-07-20,10:50:42,10,Monday,Breakfast,14.15,11.79,2.36,1.18,26,Point of Sale
209,2026-07-20,11:00:49,11,Monday,Lunch,17.9,14.92,2.98,1.49,42,Point of Sale
210,2026-07-20,11:02:52,11,Monday,Lunch,12.45,10.37,2.08,0.0,5 - 2,Register
211,2026-07-20,11:04:20,11,Monday,Lunch,12.55,10.46,2.09,1.05,5 - 2,Register
212,2026-07-20,11:08:36,11,Monday,Lunch,16.05,13.37,2.68,1.34,5 - 2,Register
213,2026-07-20,11:09:02,11,Monday,Lunch,16.45,13.71,2.74,1.37,5 - 2,Register
214,2026-07-20,11:09:24,11,Monday,Lunch,16.8,14.0,2.8,1.68,5,Point of Sale
215,2026-07-20,11:25:19,11,Monday,Lunch,40.5,40.5,0.0,0.0,7,Register
216,2026-07-20,11:25:58,11,Monday,Lunch,3.5,2.92,0.58,0.0,45,Register
217,2026-07-20,11:33:16,11,Monday,Lunch,7.45,6.21,1.24,0.0,46,Register
218,2026-07-20,11:57:32,11,Monday,Lunch,7.5,6.25,1.25,0.0,46,Register
219,2026-07-20,12:08:57,12,Monday,Lunch,4.9,4.08,0.82,0.0,69,Register
220,2026-07-20,12:19:41,12,Monday,Lunch,5.5,4.58,0.92,0.0,69,Register
221,2026-07-20,12:22:47,12,Monday,Lunch,22.3,18.58,3.72,1.86,2,Point of Sale
222,2026-07-20,12:30:46,12,Monday,Lunch,57.85,48.21,9.64,6.0,27,Register
223,2026-07-20,12:39:16,12,Monday,Lunch,60.75,50.63,10.12,5.06,29,Register
224,2026-07-20,12:50:52,12,Monday,Lunch,34.35,28.63,5.72,3.44,47,Point of Sale
225,2026-07-20,12:52:31,12,Monday,Lunch,25.5,21.25,4.25,2.12,8,Point of Sale
226,2026-07-20,12:57:20,12,Monday,Lunch,3.9,3.25,0.65,0.0,44,Register
227,2026-07-20,13:11:37,13,Monday,Lunch,38.3,31.92,6.38,0.0,42,Point of Sale
228,2026-07-20,13:23:41,13,Monday,Lunch,29.9,24.92,4.98,0.0,41,Point of Sale
229,2026-07-20,13:33:16,13,Monday,Lunch,20.75,17.29,3.46,1.73,8,Point of Sale
230,2026-07-20,13:37:39,13,Monday,Lunch,22.45,18.71,3.74,2.81,45,Register
231,2026-07-20,13:44:00,13,Monday,Lunch,5.1,4.25,0.85,0.0,41,Register
232,2026-07-20,13:46:12,13,Monday,Lunch,51.4,42.83,8.57,4.28,20,Point of Sale
233,2026-07-20,13:48:42,13,Monday,Lunch,49.25,41.04,8.21,3.28,1,Point of Sale
234,2026-07-20,13:54:53,13,Monday,Lunch,24.85,20.71,4.14,2.07,46,Point of Sale
235,2026-07-20,14:06:32,14,Monday,Lunch,56.25,46.87,9.38,4.69,7,Point of Sale
236,2026-07-20,14:12:43,14,Monday,Lunch,20.75,17.29,3.46,0.0,43,Point of Sale
237,2026-07-20,14:12:51,14,Monday,Lunch,25.6,21.33,4.27,2.13,45,Point of Sale
238,2026-07-20,14:19:40,14,Monday,Lunch,3.8,3.17,0.63,0.0,43,Point of Sale
239,2026-07-20,14:28:24,14,Monday,Lunch,33.25,27.71,5.54,2.77,9,Register
240,2026-07-20,14:38:25,14,Monday,Lunch,22.45,18.71,3.74,0.0,2,Point of Sale
241,2026-07-20,14:39:31,14,Monday,Lunch,4.5,3.75,0.75,0.0,1,Register
242,2026-07-20,14:44:51,14,Monday,Lunch,36.05,30.04,6.01,3.6,20,Point of Sale
243,2026-07-20,14:50:17,14,Monday,Lunch,42.95,35.79,7.16,7.05,21,Point of Sale
244,2026-07-20,14:58:21,14,Monday,Lunch,47.95,39.96,7.99,0.0,25,Register
245,2026-07-20,15:06:27,15,Monday,Afternoon,37.3,31.08,6.22,3.11,46,Point of Sale
246,2026-07-20,15:11:06,15,Monday,Afternoon,128.0,106.67,21.33,10.67,5,Point of Sale
247,2026-07-20,15:17:34,15,Monday,Afternoon,76.25,63.54,12.71,8.4,26,Point of Sale
248,2026-07-20,15:21:22,15,Monday,Afternoon,42.2,35.17,7.03,0.0,11,Point of Sale
249,2026-07-20,16:05:33,16,Monday,Afternoon,122.75,102.29,20.46,0.0,2,Point of Sale
250,2026-07-20,16:26:42,16,Monday,Afternoon,3.9,3.25,0.65,0.0,46,Register
251,2026-07-20,17:10:25,17,Monday,Dinner,72.3,60.25,12.05,6.02,2,Point of Sale
252,2026-07-20,17:18:08,17,Monday,Dinner,9.95,8.29,1.66,0.0,8,Point of Sale
253,2026-07-20,17:40:37,17,Monday,Dinner,30.0,25.0,5.0,3.75,26,Register
254,2026-07-20,17:53:02,17,Monday,Dinner,7.05,5.87,1.18,0.0,43,Point of Sale
255,2026-07-20,18:04:26,18,Monday,Dinner,32.15,26.79,5.36,0.0,5 - 2,Register
256,2026-07-20,18:04:44,18,Monday,Dinner,58.85,49.04,9.81,0.0,5,Point of Sale
257,2026-07-20,18:05:07,18,Monday,Dinner,11.0,9.17,1.83,0.0,45,Register
258,2026-07-20,18:27:55,18,Monday,Dinner,50.8,42.33,8.47,5.2,46,Register
259,2026-07-20,18:28:37,18,Monday,Dinner,4.5,3.75,0.75,0.0,1,Register
260,2026-07-20,18:37:12,18,Monday,Dinner,12.98,10.82,2.16,0.0,44 - 2,Point of Sale
261,2026-07-20,18:37:32,18,Monday,Dinner,12.97,10.81,2.16,0.0,44,Point of Sale
262,2026-07-20,18:42:34,18,Monday,Dinner,3.9,3.25,0.65,0.0,41,Register
263,2026-07-20,18:52:07,18,Monday,Dinner,61.8,51.5,10.3,0.0,20,Register
264,2026-07-20,18:52:20,18,Monday,Dinner,15.0,12.5,2.5,0.0,26,Point of Sale
265,2026-07-20,19:05:27,19,Monday,Dinner,25.95,21.63,4.32,4.0,45,Register
266,2026-07-20,19:24:12,19,Monday,Dinner,24.45,20.37,4.08,2.04,4,Point of Sale
267,2026-07-20,19:56:13,19,Monday,Dinner,3.5,2.92,0.58,0.0,46 - 2,Point of Sale
268,2026-07-20,20:05:45,20,Monday,Dinner,43.8,36.5,7.3,0.0,43,Point of Sale
269,2026-07-20,20:11:55,20,Monday,Dinner,0.0,0.0,0.0,0.0,48,Point of Sale
270,2026-07-20,20:30:19,20,Monday,Dinner,48.3,40.25,8.05,0.0,2,Point of Sale
271,2026-07-20,20:36:58,20,Monday,Dinner,7.0,5.83,1.17,0.0,46,Point of Sale
272,2026-07-20,20:46:00,20,Monday,Dinner,51.95,43.29,8.66,6.05,11,Point of Sale
273,2026-07-20,20:51:37,20,Monday,Dinner,56.0,46.67,9.33,4.67,22,Point of Sale
274,2026-07-20,21:04:30,21,Monday,Dinner,108.1,90.08,18.02,10.0,6,Register
275,2026-07-20,21:19:37,21,Monday,Dinner,71.6,59.67,11.93,5.97,25,Point of Sale
276,2026-07-20,21:43:30,21,Monday,Dinner,137.25,114.37,22.88,10.96,28,Point of Sale
277,2026-07-20,21:45:19,21,Monday,Dinner,3.9,3.25,0.65,0.0,Takeaway3,Point of Sale
278,2026-07-20,21:46:33,21,Monday,Dinner,99.15,82.63,16.52,17.85,26,Point of Sale
279,2026-07-20,21:56:16,21,Monday,Dinner,55.85,46.54,9.31,4.15,9,Point of Sale
280,2026-07-20,21:58:13,21,Monday,Dinner,42.4,35.33,7.07,0.0,4,Point of Sale
281,2026-07-20,21:58:36,21,Monday,Dinner,7.2,6.0,1.2,0.0,46,Point of Sale
282,2026-07-20,22:00:40,22,Monday,Dinner,90.35,75.29,15.06,7.53,12,Point of Sale
283,2026-07-20,22:07:11,22,Monday,Dinner,108.25,90.21,18.04,0.0,20,Point of Sale
284,2026-07-20,22:25:00,22,Monday,Dinner,9.9,8.25,1.65,0.0,44,Register
285,2026-07-20,22:30:20,22,Monday,Dinner,52.45,43.71,8.74,6.0,22,Point of Sale
286,2026-07-20,22:31:50,22,Monday,Dinner,16.4,13.67,2.73,0.0,42,Point of Sale
287,2026-07-21,08:54:25,8,Tuesday,Breakfast,6.7,5.58,1.12,0.0,41,Register
288,2026-07-21,09:01:43,9,Tuesday,Breakfast,17.85,14.87,2.98,0.0,46,Register
289,2026-07-21,09:08:31,9,Tuesday,Breakfast,2.9,2.42,0.48,0.0,47,Register
290,2026-07-21,09:15:15,9,Tuesday,Breakfast,3.5,2.92,0.58,0.0,Takeaway1,Point of Sale
291,2026-07-21,09:16:15,9,Tuesday,Breakfast,3.0,2.5,0.5,0.0,46,Register
292,2026-07-21,09:22:36,9,Tuesday,Breakfast,4.6,3.83,0.77,0.0,,Register
293,2026-07-21,09:26:19,9,Tuesday,Breakfast,4.1,3.42,0.68,0.0,69,Register
294,2026-07-21,09:35:09,9,Tuesday,Breakfast,3.5,2.92,0.58,0.0,12,Register
295,2026-07-21,09:36:51,9,Tuesday,Breakfast,21.1,17.58,3.52,0.0,44,Point of Sale
296,2026-07-21,09:38:58,9,Tuesday,Breakfast,2.15,1.79,0.36,0.0,Takeaway1,Register
297,2026-07-21,10:02:48,10,Tuesday,Breakfast,14.75,12.29,2.46,0.0,20,Register
298,2026-07-21,10:17:48,10,Tuesday,Breakfast,9.4,7.83,1.57,0.0,26,Register
299,2026-07-21,10:27:51,10,Tuesday,Breakfast,10.7,8.92,1.78,0.0,26,Register
300,2026-07-21,10:28:27,10,Tuesday,Breakfast,7.3,6.08,1.22,1.0,23,Point of Sale
301,2026-07-21,10:31:53,10,Tuesday,Breakfast,26.4,22.0,4.4,2.2,69,Point of Sale
302,2026-07-21,10:33:27,10,Tuesday,Breakfast,3.3,2.75,0.55,0.0,4,Register
303,2026-07-21,10:41:58,10,Tuesday,Breakfast,24.8,20.67,4.13,2.98,11,Point of Sale
304,2026-07-21,10:46:47,10,Tuesday,Breakfast,43.2,36.0,7.2,0.0,6,Point of Sale
305,2026-07-21,10:53:43,10,Tuesday,Breakfast,26.75,22.29,4.46,2.23,1,Point of Sale
306,2026-07-21,10:55:57,10,Tuesday,Breakfast,14.85,12.37,2.48,1.24,12,Point of Sale
307,2026-07-21,11:20:52,11,Tuesday,Lunch,0.0,0.0,0.0,0.0,69,Register
308,2026-07-21,11:24:11,11,Tuesday,Lunch,36.3,30.25,6.05,0.0,6,Point of Sale
309,2026-07-21,11:33:21,11,Tuesday,Lunch,23.4,19.5,3.9,1.95,25,Point of Sale
310,2026-07-21,11:50:45,11,Tuesday,Lunch,18.3,15.25,3.05,0.0,4,Point of Sale
311,2026-07-21,12:21:57,12,Tuesday,Lunch,7.4,6.17,1.23,0.0,69,Register
312,2026-07-21,12:25:00,12,Tuesday,Lunch,12.0,10.0,2.0,0.0,1,Point of Sale
313,2026-07-21,12:25:30,12,Tuesday,Lunch,14.0,11.67,2.33,0.0,41,Register
314,2026-07-21,12:28:34,12,Tuesday,Lunch,39.4,32.83,6.57,3.28,7,Point of Sale
315,2026-07-21,13:00:39,13,Tuesday,Lunch,3.6,3.0,0.6,0.0,Takeaway3,Register
316,2026-07-21,13:11:30,13,Tuesday,Lunch,64.75,53.96,10.79,8.09,21,Point of Sale
317,2026-07-21,13:18:34,13,Tuesday,Lunch,21.65,18.04,3.61,1.8,69,Point of Sale
318,2026-07-21,13:20:21,13,Tuesday,Lunch,51.45,42.87,8.58,0.0,25,Point of Sale
319,2026-07-21,13:29:51,13,Tuesday,Lunch,36.4,30.33,6.07,3.64,11,Point of Sale
320,2026-07-21,13:34:25,13,Tuesday,Lunch,3.5,2.92,0.58,0.0,,Register
321,2026-07-21,13:37:46,13,Tuesday,Lunch,20.25,16.87,3.38,0.0,47,Point of Sale
322,2026-07-21,13:45:51,13,Tuesday,Lunch,3.7,3.08,0.62,0.0,41,Point of Sale
323,2026-07-21,13:46:11,13,Tuesday,Lunch,17.15,14.29,2.86,1.43,45,Point of Sale
324,2026-07-21,13:49:57,13,Tuesday,Lunch,78.65,67.63,11.02,0.0,6,Point of Sale
325,2026-07-21,13:53:33,13,Tuesday,Lunch,25.9,21.58,4.32,0.0,23,Point of Sale
326,2026-07-21,14:08:22,14,Tuesday,Lunch,3.5,2.92,0.58,0.0,Takeaway3,Register
327,2026-07-21,14:09:18,14,Tuesday,Lunch,38.2,31.83,6.37,3.8,43,Point of Sale
328,2026-07-21,14:12:48,14,Tuesday,Lunch,44.95,37.46,7.49,5.05,10,Point of Sale
329,2026-07-21,14:13:58,14,Tuesday,Lunch,38.65,32.21,6.44,3.22,20,Point of Sale
330,2026-07-21,14:17:51,14,Tuesday,Lunch,17.75,14.79,2.96,0.0,27,Register
331,2026-07-21,14:20:17,14,Tuesday,Lunch,14.8,12.33,2.47,0.0,11,Point of Sale
332,2026-07-21,14:24:29,14,Tuesday,Lunch,53.9,44.92,8.98,0.0,22,Point of Sale
333,2026-07-21,14:25:12,14,Tuesday,Lunch,39.85,33.21,6.64,4.15,26,Point of Sale
334,2026-07-21,14:30:19,14,Tuesday,Lunch,64.3,53.58,10.72,5.36,2,Point of Sale
335,2026-07-21,14:39:31,14,Tuesday,Lunch,21.9,18.25,3.65,1.1,12,Point of Sale
336,2026-07-21,14:42:52,14,Tuesday,Lunch,57.05,47.54,9.51,0.0,42,Point of Sale
337,2026-07-21,14:45:21,14,Tuesday,Lunch,37.35,31.13,6.22,3.74,25,Point of Sale
338,2026-07-21,14:53:13,14,Tuesday,Lunch,32.45,27.04,5.41,2.7,41,Point of Sale
339,2026-07-21,15:14:01,15,Tuesday,Afternoon,81.6,68.0,13.6,0.0,6,Point of Sale
340,2026-07-21,15:18:22,15,Tuesday,Afternoon,32.15,26.79,5.36,0.0,45,Register
341,2026-07-21,15:19:59,15,Tuesday,Afternoon,42.8,35.67,7.13,3.2,9,Point of Sale
342,2026-07-21,15:28:32,15,Tuesday,Afternoon,16.55,13.79,2.76,2.07,46,Point of Sale
343,2026-07-21,15:35:12,15,Tuesday,Afternoon,3.5,2.92,0.58,0.0,48,Point of Sale
344,2026-07-21,15:37:53,15,Tuesday,Afternoon,122.35,101.96,20.39,0.0,20,Point of Sale
345,2026-07-21,15:49:36,15,Tuesday,Afternoon,4.0,3.33,0.67,0.0,43,Point of Sale
346,2026-07-21,15:50:11,15,Tuesday,Afternoon,3.7,3.08,0.62,0.0,41,Point of Sale
347,2026-07-21,16:20:08,16,Tuesday,Afternoon,11.65,9.71,1.94,0.0,23,Point of Sale
348,2026-07-21,16:20:50,16,Tuesday,Afternoon,9.0,7.5,1.5,0.0,47,Point of Sale
349,2026-07-21,16:24:00,16,Tuesday,Afternoon,71.85,59.87,11.98,5.99,26,Register
350,2026-07-21,16:31:15,16,Tuesday,Afternoon,6.8,5.67,1.13,0.0,45,Point of Sale
351,2026-07-21,16:50:17,16,Tuesday,Afternoon,10.85,9.04,1.81,0.0,47,Register
352,2026-07-21,16:51:45,16,Tuesday,Afternoon,15.85,13.21,2.64,1.32,20,Point of Sale
353,2026-07-21,16:53:37,16,Tuesday,Afternoon,3.5,2.92,0.58,0.0,69,Register
354,2026-07-21,17:13:21,17,Tuesday,Dinner,3.55,2.96,0.59,0.0,43,Register
355,2026-07-21,17:23:05,17,Tuesday,Dinner,30.3,25.25,5.05,2.52,2,Point of Sale
356,2026-07-21,17:33:05,17,Tuesday,Dinner,3.1,2.58,0.52,0.0,48,Register
357,2026-07-21,17:59:43,17,Tuesday,Dinner,31.4,26.17,5.23,0.0,25,Point of Sale
358,2026-07-21,18:12:26,18,Tuesday,Dinner,6.3,5.25,1.05,0.0,46,Register
359,2026-07-21,18:22:25,18,Tuesday,Dinner,64.45,53.71,10.74,5.37,23,Point of Sale
360,2026-07-21,18:41:18,18,Tuesday,Dinner,68.95,57.46,11.49,5.75,9,Point of Sale
361,2026-07-21,18:46:25,18,Tuesday,Dinner,3.5,2.92,0.58,0.0,43,Register
362,2026-07-21,18:51:44,18,Tuesday,Dinner,48.35,40.29,8.06,3.65,69,Point of Sale
363,2026-07-21,18:58:26,18,Tuesday,Dinner,30.55,25.46,5.09,0.0,48,Point of Sale
364,2026-07-21,19:04:29,19,Tuesday,Dinner,104.75,87.29,17.46,8.73,26,Point of Sale
365,2026-07-21,19:20:50,19,Tuesday,Dinner,142.55,118.79,23.76,0.0,7,Point of Sale
366,2026-07-21,19:37:33,19,Tuesday,Dinner,173.8,144.83,28.97,1.2,6,Point of Sale
367,2026-07-21,19:39:12,19,Tuesday,Dinner,24.65,20.54,4.11,0.0,3,Point of Sale
368,2026-07-21,19:39:55,19,Tuesday,Dinner,59.35,49.46,9.89,4.95,20,Point of Sale
369,2026-07-21,19:45:26,19,Tuesday,Dinner,3.6,3.0,0.6,0.0,2,Register
370,2026-07-21,20:03:26,20,Tuesday,Dinner,7.0,5.83,1.17,0.0,41,Point of Sale
371,2026-07-21,20:10:04,20,Tuesday,Dinner,37.0,30.83,6.17,0.0,47,Register
372,2026-07-21,20:14:39,20,Tuesday,Dinner,52.2,43.5,8.7,7.0,42,Point of Sale
373,2026-07-21,20:18:57,20,Tuesday,Dinner,45.75,38.13,7.62,3.81,23,Point of Sale
374,2026-07-21,20:46:43,20,Tuesday,Dinner,22.9,19.08,3.82,2.29,46,Point of Sale
375,2026-07-21,21:03:47,21,Tuesday,Dinner,3.5,2.92,0.58,0.0,Takeaway3,Register
376,2026-07-21,21:08:24,21,Tuesday,Dinner,67.25,56.04,11.21,0.0,44,Point of Sale
377,2026-07-21,21:12:17,21,Tuesday,Dinner,72.95,60.79,12.16,7.05,22,Point of Sale
378,2026-07-21,21:17:11,21,Tuesday,Dinner,44.4,37.0,7.4,4.6,11,Register
379,2026-07-21,21:25:58,21,Tuesday,Dinner,120.7,100.58,20.12,0.0,7,Point of Sale
380,2026-07-21,21:27:37,21,Tuesday,Dinner,60.65,50.54,10.11,4.35,27,Point of Sale
381,2026-07-21,21:35:30,21,Tuesday,Dinner,7.5,6.25,1.25,0.0,47,Register
382,2026-07-21,21:45:04,21,Tuesday,Dinner,49.4,41.17,8.23,4.94,26,Point of Sale
383,2026-07-21,21:53:11,21,Tuesday,Dinner,147.55,122.96,24.59,0.0,69,Point of Sale
384,2026-07-21,21:55:09,21,Tuesday,Dinner,174.3,145.25,29.05,15.7,28,Point of Sale
385,2026-07-21,22:02:02,22,Tuesday,Dinner,7.2,6.0,1.2,0.0,42,Register
386,2026-07-21,22:09:51,22,Tuesday,Dinner,60.0,50.0,10.0,0.0,44,Register
387,2026-07-21,22:19:48,22,Tuesday,Dinner,8.6,7.17,1.43,0.0,Takeaway1,Register
388,2026-07-22,09:12:11,9,Wednesday,Breakfast,2.9,2.42,0.48,0.0,42,Register
389,2026-07-22,09:23:05,9,Wednesday,Breakfast,3.3,2.75,0.55,0.0,46,Register
390,2026-07-22,09:27:20,9,Wednesday,Breakfast,4.6,3.83,0.77,0.0,47,Register
391,2026-07-22,09:29:14,9,Wednesday,Breakfast,65.0,54.17,10.83,8.13,43,Point of Sale
392,2026-07-22,09:39:59,9,Wednesday,Breakfast,17.95,14.96,2.99,0.0,48,Register
393,2026-07-22,09:58:05,9,Wednesday,Breakfast,17.75,14.79,2.96,1.77,12,Point of Sale
394,2026-07-22,10:03:07,10,Wednesday,Breakfast,24.25,20.21,4.04,2.02,6,Point of Sale
395,2026-07-22,10:11:05,10,Wednesday,Breakfast,6.5,5.42,1.08,0.0,44,Point of Sale
396,2026-07-22,10:17:49,10,Wednesday,Breakfast,12.05,10.04,2.01,0.0,10,Point of Sale
397,2026-07-22,10:24:09,10,Wednesday,Breakfast,7.3,6.08,1.22,0.0,26,Point of Sale
398,2026-07-22,10:40:21,10,Wednesday,Breakfast,39.7,33.08,6.62,0.0,46,Point of Sale
399,2026-07-22,10:41:36,10,Wednesday,Breakfast,7.1,5.92,1.18,0.0,22,Point of Sale
400,2026-07-22,10:46:20,10,Wednesday,Breakfast,6.5,5.42,1.08,0.0,2,Point of Sale
401,2026-07-22,10:48:34,10,Wednesday,Breakfast,3.7,3.08,0.62,0.0,4,Register
402,2026-07-22,11:24:24,11,Wednesday,Lunch,16.25,13.54,2.71,0.0,46,Register
403,2026-07-22,11:25:05,11,Wednesday,Lunch,26.9,22.42,4.48,0.0,11,Point of Sale
404,2026-07-22,11:27:38,11,Wednesday,Lunch,47.45,39.54,7.91,0.0,27,Point of Sale
405,2026-07-22,11:43:46,11,Wednesday,Lunch,32.9,27.42,5.48,0.0,45,Point of Sale
406,2026-07-22,11:48:49,11,Wednesday,Lunch,42.35,35.29,7.06,0.0,3,Register
407,2026-07-22,11:53:16,11,Wednesday,Lunch,54.7,45.58,9.12,0.0,69,Register
408,2026-07-22,12:24:31,12,Wednesday,Lunch,3.5,2.92,0.58,0.0,48,Register
409,2026-07-22,12:41:46,12,Wednesday,Lunch,6.7,5.58,1.12,1.0,3,Point of Sale
410,2026-07-22,12:42:50,12,Wednesday,Lunch,15.85,13.21,2.64,1.58,24,Point of Sale
411,2026-07-22,12:49:19,12,Wednesday,Lunch,29.6,24.67,4.93,3.55,26,Point of Sale
412,2026-07-22,12:54:46,12,Wednesday,Lunch,15.5,12.92,2.58,0.0,43,Point of Sale
413,2026-07-22,13:09:49,13,Wednesday,Lunch,3.6,3.0,0.6,0.0,45,Point of Sale
414,2026-07-22,13:13:19,13,Wednesday,Lunch,24.05,20.04,4.01,0.0,46,Point of Sale
415,2026-07-22,13:14:30,13,Wednesday,Lunch,7.1,5.92,1.18,0.0,48,Point of Sale
416,2026-07-22,13:24:02,13,Wednesday,Lunch,27.1,22.58,4.52,2.71,1,Point of Sale
417,2026-07-22,13:31:40,13,Wednesday,Lunch,13.55,11.29,2.26,0.0,8,Point of Sale
418,2026-07-22,13:31:58,13,Wednesday,Lunch,51.0,42.5,8.5,5.1,7,Point of Sale
419,2026-07-22,13:34:24,13,Wednesday,Lunch,32.95,27.46,5.49,3.3,11,Point of Sale
420,2026-07-22,13:51:40,13,Wednesday,Lunch,113.9,94.92,18.98,11.39,26,Register
421,2026-07-22,13:53:32,13,Wednesday,Lunch,62.35,51.96,10.39,0.0,20,Point of Sale
422,2026-07-22,14:12:22,14,Wednesday,Lunch,32.3,26.92,5.38,3.23,27,Point of Sale
423,2026-07-22,14:14:08,14,Wednesday,Lunch,17.8,14.83,2.97,2.14,22,Point of Sale
424,2026-07-22,14:15:07,14,Wednesday,Lunch,5.5,4.58,0.92,0.0,Takeaway1,Register
425,2026-07-22,14:17:14,14,Wednesday,Lunch,33.8,28.17,5.63,3.38,4,Point of Sale
426,2026-07-22,14:22:08,14,Wednesday,Lunch,36.6,30.5,6.1,3.4,41,Point of Sale
427,2026-07-22,14:32:07,14,Wednesday,Lunch,19.1,15.92,3.18,0.0,1,Point of Sale
428,2026-07-22,14:34:55,14,Wednesday,Lunch,48.35,40.29,8.06,4.84,11,Point of Sale
429,2026-07-22,14:39:07,14,Wednesday,Lunch,49.5,41.25,8.25,0.0,5,Point of Sale
430,2026-07-22,14:56:53,14,Wednesday,Lunch,104.7,87.25,17.45,12.56,25,Point of Sale
431,2026-07-22,15:00:50,15,Wednesday,Afternoon,157.9,131.58,26.32,18.95,29,Point of Sale
432,2026-07-22,15:25:50,15,Wednesday,Afternoon,15.25,12.71,2.54,2.29,46,Register
433,2026-07-22,15:27:29,15,Wednesday,Afternoon,23.6,19.67,3.93,2.36,12,Point of Sale
434,2026-07-22,15:31:59,15,Wednesday,Afternoon,44.95,37.46,7.49,0.0,6,Point of Sale
435,2026-07-22,15:44:29,15,Wednesday,Afternoon,27.0,22.5,4.5,0.0,23,Register
436,2026-07-22,16:07:38,16,Wednesday,Afternoon,44.85,37.37,7.48,0.0,11,Point of Sale
437,2026-07-22,16:26:41,16,Wednesday,Afternoon,17.85,14.87,2.98,0.0,45,Point of Sale
438,2026-07-22,16:29:10,16,Wednesday,Afternoon,41.45,34.54,6.91,0.0,26,Point of Sale
439,2026-07-22,16:43:21,16,Wednesday,Afternoon,6.3,5.25,1.05,0.0,4,Register
440,2026-07-22,16:47:42,16,Wednesday,Afternoon,3.5,2.92,0.58,0.0,Takeaway1,Register
441,2026-07-22,16:52:35,16,Wednesday,Afternoon,3.5,2.92,0.58,0.0,3,Point of Sale
442,2026-07-22,17:04:27,17,Wednesday,Dinner,3.9,3.25,0.65,0.5,6,Register
443,2026-07-22,17:19:48,17,Wednesday,Dinner,9.1,7.58,1.52,0.0,46,Point of Sale
444,2026-07-22,18:13:06,18,Wednesday,Dinner,19.8,16.5,3.3,0.0,46,Point of Sale
445,2026-07-22,18:16:38,18,Wednesday,Dinner,97.1,80.92,16.18,0.0,29,Point of Sale
446,2026-07-22,18:30:42,18,Wednesday,Dinner,5.6,4.67,0.93,0.0,41,Register
447,2026-07-22,18:51:34,18,Wednesday,Dinner,10.7,8.92,1.78,1.07,48,Point of Sale
448,2026-07-22,19:29:36,19,Wednesday,Dinner,41.65,34.71,6.94,0.0,8,Point of Sale
449,2026-07-22,19:35:20,19,Wednesday,Dinner,44.4,37.0,7.4,5.6,1,Register
450,2026-07-22,20:01:01,20,Wednesday,Dinner,85.25,71.04,14.21,0.0,46,Point of Sale
451,2026-07-22,20:07:25,20,Wednesday,Dinner,171.05,142.54,28.51,0.0,6,Register
452,2026-07-22,20:14:29,20,Wednesday,Dinner,53.95,44.96,8.99,5.4,11,Point of Sale
453,2026-07-22,20:19:19,20,Wednesday,Dinner,53.85,44.87,8.98,6.46,48,Point of Sale
454,2026-07-22,20:23:21,20,Wednesday,Dinner,102.15,85.13,17.02,10.22,26,Point of Sale
455,2026-07-22,20:29:26,20,Wednesday,Dinner,20.85,17.37,3.48,0.0,45 - 2,Register
456,2026-07-22,20:29:46,20,Wednesday,Dinner,31.95,26.63,5.32,0.0,45,Point of Sale
457,2026-07-22,20:30:20,20,Wednesday,Dinner,44.4,37.0,7.4,4.44,12,Point of Sale
458,2026-07-22,20:32:39,20,Wednesday,Dinner,52.9,44.08,8.82,6.34,9,Point of Sale
459,2026-07-22,20:35:23,20,Wednesday,Dinner,69.35,57.79,11.56,8.31,27,Point of Sale
460,2026-07-22,20:47:41,20,Wednesday,Dinner,81.7,68.08,13.62,8.18,20,Register
461,2026-07-22,20:49:01,20,Wednesday,Dinner,49.4,41.17,8.23,0.0,41,Point of Sale
462,2026-07-22,20:59:19,20,Wednesday,Dinner,53.35,44.46,8.89,6.65,7,Point of Sale
463,2026-07-22,21:14:30,21,Wednesday,Dinner,3.5,2.92,0.58,0.0,42,Point of Sale
464,2026-07-22,21:19:44,21,Wednesday,Dinner,6.6,5.5,1.1,0.0,44,Point of Sale
465,2026-07-22,21:29:33,21,Wednesday,Dinner,117.95,98.29,19.66,0.0,69,Point of Sale
466,2026-07-22,21:41:27,21,Wednesday,Dinner,116.75,97.29,19.46,11.68,2,Point of Sale
467,2026-07-22,21:43:39,21,Wednesday,Dinner,76.65,63.87,12.78,7.66,20,Point of Sale
468,2026-07-22,22:02:06,22,Wednesday,Dinner,94.95,79.13,15.82,9.48,23,Point of Sale
469,2026-07-22,22:02:45,22,Wednesday,Dinner,31.5,26.25,5.25,0.0,46,Register
470,2026-07-22,22:04:10,22,Wednesday,Dinner,7.2,6.0,1.2,0.0,44,Point of Sale
471,2026-07-22,22:13:14,22,Wednesday,Dinner,150.95,125.79,25.16,12.08,28,Register
472,2026-07-22,22:14:45,22,Wednesday,Dinner,129.75,108.13,21.62,13.61,25,Point of Sale
473,2026-07-22,22:37:23,22,Wednesday,Dinner,23.0,19.17,3.83,0.0,42,Point of Sale
474,2026-07-22,22:39:14,22,Wednesday,Dinner,81.7,68.08,13.62,5.49,6,Point of Sale
475,2026-07-22,22:39:47,22,Wednesday,Dinner,47.5,39.58,7.92,4.76,3,Point of Sale
476,2026-07-23,08:43:52,8,Thursday,Breakfast,3.66,3.05,0.61,0.0,Takeaway1,Register
477,2026-07-23,09:01:58,9,Thursday,Breakfast,24.25,20.21,4.04,0.0,46,Register
478,2026-07-23,09:08:09,9,Thursday,Breakfast,2.9,2.42,0.48,0.0,48,Register
479,2026-07-23,09:19:21,9,Thursday,Breakfast,6.9,5.75,1.15,0.0,47,Register
480,2026-07-23,09:23:36,9,Thursday,Breakfast,4.6,3.83,0.77,0.0,45,Register
481,2026-07-23,09:28:37,9,Thursday,Breakfast,4.9,4.08,0.82,0.0,41,Register
482,2026-07-23,09:34:47,9,Thursday,Breakfast,3.7,3.08,0.62,0.0,Takeaway1,Register
483,2026-07-23,09:47:06,9,Thursday,Breakfast,3.6,3.0,0.6,0.0,45,Register
484,2026-07-23,09:59:13,9,Thursday,Breakfast,17.6,14.67,2.93,0.0,48,Register
485,2026-07-23,10:10:17,10,Thursday,Breakfast,3.7,3.08,0.62,0.0,,Register
486,2026-07-23,10:13:24,10,Thursday,Breakfast,7.2,6.0,1.2,0.0,27,Register
487,2026-07-23,10:17:21,10,Thursday,Breakfast,25.25,21.04,4.21,0.0,41,Point of Sale
488,2026-07-23,10:24:15,10,Thursday,Breakfast,6.7,5.58,1.12,0.5,9,Point of Sale
489,2026-07-23,10:25:01,10,Thursday,Breakfast,19.8,16.5,3.3,1.98,11,Point of Sale
490,2026-07-23,10:35:11,10,Thursday,Breakfast,40.1,33.42,6.68,4.01,8,Point of Sale
491,2026-07-23,11:16:29,11,Thursday,Lunch,68.95,57.46,11.49,0.0,26,Point of Sale
492,2026-07-23,11:19:51,11,Thursday,Lunch,13.3,11.08,2.22,0.0,4,Register
493,2026-07-23,11:44:30,11,Thursday,Lunch,37.7,31.42,6.28,3.77,12,Point of Sale
494,2026-07-23,11:48:47,11,Thursday,Lunch,6.5,5.42,1.08,0.0,11,Point of Sale
495,2026-07-23,11:50:19,11,Thursday,Lunch,16.85,14.04,2.81,0.0,25,Register
496,2026-07-23,11:51:02,11,Thursday,Lunch,14.1,11.75,2.35,2.12,8,Point of Sale
497,2026-07-23,11:55:59,11,Thursday,Lunch,46.9,39.08,7.82,0.0,69,Register
498,2026-07-23,11:57:35,11,Thursday,Lunch,12.75,10.63,2.12,0.0,22,Register
499,2026-07-23,12:08:13,12,Thursday,Lunch,28.0,23.33,4.67,0.0,1,Point of Sale
500,2026-07-23,12:17:14,12,Thursday,Lunch,8.2,6.83,1.37,0.0,7,Point of Sale
501,2026-07-23,12:23:25,12,Thursday,Lunch,58.2,48.5,9.7,0.0,6,Point of Sale
502,2026-07-23,12:32:58,12,Thursday,Lunch,8.2,6.83,1.37,0.0,3,Point of Sale
503,2026-07-23,12:38:52,12,Thursday,Lunch,49.85,41.54,8.31,0.0,26,Point of Sale
504,2026-07-23,12:39:24,12,Thursday,Lunch,31.5,26.25,5.25,0.0,23,Point of Sale
505,2026-07-23,12:48:01,12,Thursday,Lunch,31.0,25.83,5.17,0.0,44,Point of Sale
506,2026-07-23,12:55:44,12,Thursday,Lunch,8.95,7.46,1.49,1.0,2,Point of Sale
507,2026-07-23,12:59:40,12,Thursday,Lunch,17.1,14.25,2.85,0.0,41,Point of Sale
508,2026-07-23,13:13:18,13,Thursday,Lunch,89.95,74.96,14.99,10.05,42,Point of Sale
509,2026-07-23,13:13:51,13,Thursday,Lunch,12.5,10.42,2.08,0.0,9,Point of Sale
510,2026-07-23,13:17:49,13,Thursday,Lunch,33.05,27.54,5.51,3.3,12,Register
511,2026-07-23,13:18:50,13,Thursday,Lunch,50.7,42.25,8.45,6.08,69,Point of Sale
512,2026-07-23,13:26:03,13,Thursday,Lunch,27.0,22.5,4.5,0.0,22,Point of Sale
513,2026-07-23,13:27:23,13,Thursday,Lunch,7.1,5.92,1.18,0.0,1,Point of Sale
514,2026-07-23,13:34:02,13,Thursday,Lunch,58.3,48.58,9.72,0.0,27,Point of Sale
515,2026-07-23,13:45:07,13,Thursday,Lunch,25.8,21.5,4.3,2.58,11,Point of Sale
516,2026-07-23,13:49:06,13,Thursday,Lunch,31.9,26.58,5.32,3.19,2,Point of Sale
517,2026-07-23,13:49:12,13,Thursday,Lunch,22.75,18.96,3.79,0.0,10,Point of Sale
518,2026-07-23,13:53:32,13,Thursday,Lunch,69.05,57.54,11.51,5.95,44,Point of Sale
519,2026-07-23,13:56:03,13,Thursday,Lunch,87.9,73.25,14.65,8.79,26,Register
520,2026-07-23,14:03:05,14,Thursday,Lunch,102.8,85.67,17.13,0.0,5,Point of Sale
521,2026-07-23,14:04:17,14,Thursday,Lunch,41.6,34.67,6.93,6.24,48,Point of Sale
522,2026-07-23,14:05:17,14,Thursday,Lunch,27.0,22.5,4.5,0.0,46,Point of Sale
523,2026-07-23,14:07:56,14,Thursday,Lunch,30.85,25.71,5.14,1.15,43,Point of Sale
524,2026-07-23,14:11:11,14,Thursday,Lunch,32.9,27.42,5.48,0.0,47,Point of Sale
525,2026-07-23,14:23:35,14,Thursday,Lunch,32.3,26.92,5.38,3.88,42,Point of Sale
526,2026-07-23,14:24:22,14,Thursday,Lunch,50.2,41.83,8.37,3.8,8,Point of Sale
527,2026-07-23,14:27:00,14,Thursday,Lunch,35.35,29.46,5.89,0.0,23,Point of Sale
528,2026-07-23,14:31:01,14,Thursday,Lunch,4.6,3.83,0.77,0.0,22,Register
529,2026-07-23,14:42:24,14,Thursday,Lunch,98.65,82.21,16.44,0.0,69,Point of Sale
530,2026-07-23,14:45:40,14,Thursday,Lunch,34.4,28.67,5.73,3.44,41,Point of Sale
531,2026-07-23,14:46:09,14,Thursday,Lunch,7.4,6.17,1.23,0.0,1,Register
532,2026-07-23,14:49:05,14,Thursday,Lunch,59.2,49.33,9.87,6.8,20,Point of Sale
533,2026-07-23,14:56:05,14,Thursday,Lunch,35.9,29.92,5.98,0.0,10,Point of Sale
534,2026-07-23,14:59:19,14,Thursday,Lunch,33.65,28.04,5.61,4.36,25,Register
535,2026-07-23,15:01:42,15,Thursday,Afternoon,89.5,74.58,14.92,9.5,28,Point of Sale
536,2026-07-23,15:04:40,15,Thursday,Afternoon,17.0,14.17,2.83,0.0,Takeaway1,Register
537,2026-07-23,15:11:02,15,Thursday,Afternoon,37.45,31.21,6.24,0.0,6,Point of Sale
538,2026-07-23,15:53:52,15,Thursday,Afternoon,18.75,15.63,3.12,2.25,20,Point of Sale
539,2026-07-23,16:34:17,16,Thursday,Afternoon,8.25,6.87,1.38,0.0,11,Register
540,2026-07-23,16:42:34,16,Thursday,Afternoon,36.0,30.0,6.0,4.32,22,Point of Sale
541,2026-07-23,16:45:12,16,Thursday,Afternoon,20.95,17.46,3.49,0.0,48,Point of Sale
542,2026-07-23,17:12:54,17,Thursday,Dinner,10.7,8.92,1.78,0.0,45,Register
543,2026-07-23,17:18:54,17,Thursday,Dinner,45.9,38.25,7.65,5.51,2,Point of Sale
544,2026-07-23,17:26:35,17,Thursday,Dinner,7.0,5.83,1.17,0.0,48,Register
545,2026-07-23,18:21:32,18,Thursday,Dinner,0.0,0.0,0.0,0.0,1,Point of Sale
546,2026-07-23,18:22:09,18,Thursday,Dinner,23.9,19.92,3.98,0.0,2,Point of Sale
547,2026-07-23,18:38:33,18,Thursday,Dinner,3.5,2.92,0.58,0.0,20,Register
548,2026-07-23,19:14:09,19,Thursday,Dinner,24.9,20.75,4.15,0.0,26,Register
549,2026-07-23,19:29:11,19,Thursday,Dinner,29.9,24.92,4.98,0.0,11,Point of Sale
550,2026-07-23,19:37:03,19,Thursday,Dinner,63.15,52.63,10.52,6.32,22,Point of Sale
551,2026-07-23,19:38:23,19,Thursday,Dinner,3.5,2.92,0.58,0.0,46,Point of Sale
552,2026-07-23,20:32:51,20,Thursday,Dinner,90.8,75.67,15.13,0.0,41,Register
553,2026-07-23,20:38:56,20,Thursday,Dinner,94.95,79.13,15.82,10.05,25,Point of Sale
554,2026-07-23,20:41:44,20,Thursday,Dinner,50.6,42.17,8.43,4.4,26,Point of Sale
555,2026-07-23,20:45:28,20,Thursday,Dinner,197.6,164.67,32.93,19.76,6,Point of Sale
556,2026-07-23,20:55:03,20,Thursday,Dinner,95.85,79.87,15.98,10.23,29,Point of Sale
557,2026-07-23,20:56:02,20,Thursday,Dinner,45.3,37.75,7.55,4.53,27,Point of Sale
558,2026-07-23,20:58:09,20,Thursday,Dinner,77.65,64.71,12.94,7.76,2,Register
559,2026-07-23,20:59:44,20,Thursday,Dinner,100.25,83.54,16.71,9.75,20,Point of Sale
560,2026-07-23,21:03:04,21,Thursday,Dinner,104.35,86.96,17.39,10.44,42,Point of Sale
561,2026-07-23,21:03:43,21,Thursday,Dinner,64.85,54.04,10.81,6.48,23,Point of Sale
562,2026-07-23,21:09:57,21,Thursday,Dinner,40.9,34.08,6.82,4.1,11,Register
563,2026-07-23,21:19:54,21,Thursday,Dinner,75.85,63.21,12.64,7.58,46,Point of Sale
564,2026-07-23,21:27:50,21,Thursday,Dinner,55.16,45.97,9.19,0.0,7,Point of Sale
565,2026-07-23,21:29:11,21,Thursday,Dinner,54.9,45.75,9.15,5.1,22,Register
566,2026-07-23,21:42:26,21,Thursday,Dinner,3.6,3.0,0.6,0.0,12,Point of Sale
567,2026-07-23,21:47:36,21,Thursday,Dinner,36.85,30.71,6.14,2.0,45,Point of Sale
568,2026-07-23,21:58:05,21,Thursday,Dinner,115.9,96.58,19.32,7.72,43,Register
569,2026-07-23,21:59:56,21,Thursday,Dinner,67.8,56.5,11.3,0.0,6,Register
570,2026-07-23,22:04:45,22,Thursday,Dinner,45.3,37.75,7.55,4.53,47,Point of Sale
571,2026-07-23,22:14:27,22,Thursday,Dinner,39.15,32.63,6.52,5.87,26,Point of Sale
572,2026-07-23,22:23:02,22,Thursday,Dinner,10.5,8.75,1.75,0.0,Takeaway1,Point of Sale
573,2026-07-24,08:37:48,8,Friday,Breakfast,3.7,3.08,0.62,0.0,41,Register
574,2026-07-24,08:50:11,8,Friday,Breakfast,3.5,2.92,0.58,0.0,9,Register
575,2026-07-24,09:12:38,9,Friday,Breakfast,29.95,24.96,4.99,0.0,1,Register
576,2026-07-24,09:35:07,9,Friday,Breakfast,36.55,30.46,6.09,4.39,41,Point of Sale
577,2026-07-24,09:36:24,9,Friday,Breakfast,2.9,2.42,0.48,0.0,44,Register
578,2026-07-24,09:40:13,9,Friday,Breakfast,4.6,3.83,0.77,0.0,43,Register
579,2026-07-24,09:41:38,9,Friday,Breakfast,6.6,5.5,1.1,0.0,47,Point of Sale
580,2026-07-24,09:42:07,9,Friday,Breakfast,3.0,2.5,0.5,0.0,45,Point of Sale
581,2026-07-24,09:43:29,9,Friday,Breakfast,3.3,2.75,0.55,0.0,28 - 2,Register
582,2026-07-24,09:55:47,9,Friday,Breakfast,16.9,14.08,2.82,1.69,48,Point of Sale
583,2026-07-24,10:07:13,10,Friday,Breakfast,21.45,17.87,3.58,2.14,46,Point of Sale
584,2026-07-24,10:18:51,10,Friday,Breakfast,3.5,2.92,0.58,0.0,Takeaway1,Register
585,2026-07-24,10:31:50,10,Friday,Breakfast,3.6,3.0,0.6,0.0,28 - 2,Point of Sale
586,2026-07-24,10:32:32,10,Friday,Breakfast,6.0,5.0,1.0,0.0,28 - 2,Point of Sale
587,2026-07-24,10:33:44,10,Friday,Breakfast,14.05,11.71,2.34,0.0,28,Point of Sale
588,2026-07-24,10:35:19,10,Friday,Breakfast,3.3,2.75,0.55,0.0,21,Point of Sale
589,2026-07-24,10:36:08,10,Friday,Breakfast,21.1,17.58,3.52,2.53,42,Point of Sale
590,2026-07-24,10:41:01,10,Friday,Breakfast,36.0,30.0,6.0,0.0,6,Point of Sale
591,2026-07-24,10:44:37,10,Friday,Breakfast,3.8,3.17,0.63,0.0,Takeaway1,Register
592,2026-07-24,10:52:30,10,Friday,Breakfast,3.66,3.05,0.61,0.0,Takeaway1,Register
593,2026-07-24,10:55:57,10,Friday,Breakfast,2.7,2.25,0.45,0.0,41,Point of Sale
594,2026-07-24,11:10:09,11,Friday,Lunch,9.6,8.0,1.6,0.0,44,Point of Sale
595,2026-07-24,11:10:43,11,Friday,Lunch,10.4,8.67,1.73,1.25,1,Register
596,2026-07-24,11:14:51,11,Friday,Lunch,66.25,55.21,11.04,6.62,25,Point of Sale
597,2026-07-24,11:23:16,11,Friday,Lunch,27.1,22.58,4.52,2.9,23,Point of Sale
598,2026-07-24,11:37:40,11,Friday,Lunch,46.25,38.54,7.71,4.62,6,Point of Sale
599,2026-07-24,11:43:58,11,Friday,Lunch,10.0,8.33,1.67,0.0,26 - 2,Point of Sale
600,2026-07-24,11:44:36,11,Friday,Lunch,47.5,39.58,7.92,0.0,26,Point of Sale
601,2026-07-24,11:47:40,11,Friday,Lunch,16.45,13.71,2.74,1.97,45,Register
602,2026-07-24,11:55:56,11,Friday,Lunch,2.7,2.25,0.45,0.0,41,Register
603,2026-07-24,12:24:12,12,Friday,Lunch,7.2,6.0,1.2,0.0,44,Point of Sale
604,2026-07-24,12:43:34,12,Friday,Lunch,33.2,27.67,5.53,3.32,3,Point of Sale
605,2026-07-24,12:54:14,12,Friday,Lunch,4.65,3.87,0.78,0.0,42,Point of Sale
606,2026-07-24,12:57:16,12,Friday,Lunch,3.2,2.67,0.53,0.0,43,Register
607,2026-07-24,12:58:42,12,Friday,Lunch,76.65,63.87,12.78,7.66,20,Point of Sale
608,2026-07-24,13:02:53,13,Friday,Lunch,36.25,30.21,6.04,3.62,8,Point of Sale
609,2026-07-24,13:03:56,13,Friday,Lunch,27.9,23.25,4.65,5.1,5 - 2,Point of Sale
610,2026-07-24,13:04:16,13,Friday,Lunch,63.05,52.54,10.51,6.3,5,Point of Sale
611,2026-07-24,13:10:07,13,Friday,Lunch,24.95,20.79,4.16,0.0,26,Register
612,2026-07-24,13:14:07,13,Friday,Lunch,102.6,85.5,17.1,10.26,25,Point of Sale
613,2026-07-24,13:15:24,13,Friday,Lunch,74.3,61.92,12.38,0.0,11,Point of Sale
614,2026-07-24,13:25:26,13,Friday,Lunch,28.7,23.92,4.78,0.0,2,Point of Sale
615,2026-07-24,13:29:09,13,Friday,Lunch,17.95,14.96,2.99,0.0,10,Point of Sale
616,2026-07-24,13:40:03,13,Friday,Lunch,40.25,33.54,6.71,4.02,69,Point of Sale
617,2026-07-24,13:46:07,13,Friday,Lunch,28.55,23.79,4.76,3.43,1,Point of Sale
618,2026-07-24,13:47:53,13,Friday,Lunch,11.15,9.29,1.86,0.0,8,Point of Sale
619,2026-07-24,13:48:32,13,Friday,Lunch,7.8,6.5,1.3,0.0,46,Point of Sale
620,2026-07-24,13:49:06,13,Friday,Lunch,41.3,34.42,6.88,4.13,45,Point of Sale
621,2026-07-24,13:59:36,13,Friday,Lunch,23.0,19.17,3.83,3.45,43,Point of Sale
622,2026-07-24,13:59:56,13,Friday,Lunch,31.0,25.83,5.17,0.0,3,Point of Sale
623,2026-07-24,14:02:30,14,Friday,Lunch,17.9,14.92,2.98,2.1,9,Point of Sale
624,2026-07-24,14:07:42,14,Friday,Lunch,92.75,77.29,15.46,10.2,27 - 2,Register
625,2026-07-24,14:10:17,14,Friday,Lunch,47.35,39.46,7.89,4.74,20,Point of Sale
626,2026-07-24,14:10:52,14,Friday,Lunch,90.9,75.75,15.15,9.09,6,Point of Sale
627,2026-07-24,14:13:19,14,Friday,Lunch,21.9,18.25,3.65,0.0,22,Register
628,2026-07-24,14:30:27,14,Friday,Lunch,27.45,22.87,4.58,0.55,7,Point of Sale
629,2026-07-24,14:39:30,14,Friday,Lunch,44.9,37.42,7.48,5.1,12,Point of Sale
630,2026-07-24,14:41:23,14,Friday,Lunch,30.95,25.79,5.16,3.0,44,Point of Sale
631,2026-07-24,14:51:36,14,Friday,Lunch,44.7,37.25,7.45,4.0,8,Point of Sale
632,2026-07-24,15:00:44,15,Friday,Afternoon,119.75,99.79,19.96,14.37,28,Point of Sale
633,2026-07-24,15:15:34,15,Friday,Afternoon,7.3,6.08,1.22,0.7,43,Point of Sale
634,2026-07-24,15:24:27,15,Friday,Afternoon,20.9,17.42,3.48,2.1,26,Point of Sale
635,2026-07-24,15:30:43,15,Friday,Afternoon,56.75,47.29,9.46,0.0,5,Point of Sale
636,2026-07-24,15:44:36,15,Friday,Afternoon,11.0,9.17,1.83,0.0,42,Point of Sale
637,2026-07-24,15:51:07,15,Friday,Afternoon,61.75,51.46,10.29,0.0,2,Point of Sale
638,2026-07-24,16:00:03,16,Friday,Afternoon,6.7,5.58,1.12,0.0,22,Point of Sale
639,2026-07-24,16:04:12,16,Friday,Afternoon,38.25,31.87,6.38,3.82,46,Point of Sale
640,2026-07-24,16:11:13,16,Friday,Afternoon,18.05,15.04,3.01,0.0,48 - 2,Register
641,2026-07-24,16:24:24,16,Friday,Afternoon,16.45,13.71,2.74,1.64,5,Point of Sale
642,2026-07-24,16:33:49,16,Friday,Afternoon,23.05,19.21,3.84,2.3,43,Point of Sale
643,2026-07-24,16:49:33,16,Friday,Afternoon,104.15,86.79,17.36,0.0,45,Point of Sale
644,2026-07-24,16:59:03,16,Friday,Afternoon,8.4,7.0,1.4,0.0,42,Point of Sale
645,2026-07-24,17:44:28,17,Friday,Dinner,8.55,7.13,1.42,0.5,12,Register
646,2026-07-24,17:46:08,17,Friday,Dinner,33.45,27.87,5.58,3.34,47,Register
647,2026-07-24,17:47:18,17,Friday,Dinner,53.35,44.46,8.89,0.0,25,Register
648,2026-07-24,18:33:12,18,Friday,Dinner,3.5,2.92,0.58,0.0,24,Register
649,2026-07-24,18:48:50,18,Friday,Dinner,82.65,68.87,13.78,8.0,26,Register
650,2026-07-24,19:15:36,19,Friday,Dinner,64.2,53.5,10.7,6.42,20,Point of Sale
651,2026-07-24,19:25:30,19,Friday,Dinner,7.9,6.58,1.32,0.0,42,Point of Sale
652,2026-07-24,19:52:44,19,Friday,Dinner,114.45,95.37,19.08,11.44,28,Point of Sale
653,2026-07-24,20:10:56,20,Friday,Dinner,47.0,39.17,7.83,0.0,26,Point of Sale
654,2026-07-24,20:15:29,20,Friday,Dinner,53.2,44.33,8.87,5.32,25,Point of Sale
655,2026-07-24,20:32:30,20,Friday,Dinner,10.85,9.04,1.81,0.0,46,Point of Sale
656,2026-07-24,21:02:46,21,Friday,Dinner,3.5,2.92,0.58,0.0,41,Register
657,2026-07-24,21:26:52,21,Friday,Dinner,90.9,75.75,15.15,0.0,22,Register
658,2026-07-24,21:29:08,21,Friday,Dinner,37.45,31.21,6.24,2.55,45,Point of Sale
659,2026-07-24,21:32:51,21,Friday,Dinner,141.48,117.9,23.58,0.0,5,Point of Sale
660,2026-07-24,21:46:49,21,Friday,Dinner,29.45,24.54,4.91,0.0,46,Register
661,2026-07-24,21:55:32,21,Friday,Dinner,7.5,6.25,1.25,0.0,42,Register
662,2026-07-25,08:29:47,8,Saturday,Breakfast,4.1,3.42,0.68,0.0,47,Register
663,2026-07-25,08:35:49,8,Saturday,Breakfast,3.5,2.92,0.58,0.0,43,Register
664,2026-07-25,08:42:24,8,Saturday,Breakfast,3.82,3.18,0.64,0.0,41,Register
665,2026-07-25,09:13:22,9,Saturday,Breakfast,3.6,3.0,0.6,0.0,48,Register
666,2026-07-25,09:31:32,9,Saturday,Breakfast,10.7,8.92,1.78,0.0,44,Register
667,2026-07-25,09:36:46,9,Saturday,Breakfast,32.8,27.33,5.47,2.7,7,Register
668,2026-07-25,09:43:43,9,Saturday,Breakfast,2.9,2.42,0.48,0.0,47,Register
669,2026-07-25,09:45:12,9,Saturday,Breakfast,16.35,13.63,2.72,1.64,46,Register
670,2026-07-25,09:50:37,9,Saturday,Breakfast,3.5,2.92,0.58,0.0,20,Register
671,2026-07-25,10:20:48,10,Saturday,Breakfast,18.7,15.58,3.12,0.0,9,Register
672,2026-07-25,10:46:32,10,Saturday,Breakfast,65.05,54.21,10.84,7.81,28,Register
673,2026-07-25,10:48:58,10,Saturday,Breakfast,6.4,5.33,1.07,0.0,41,Point of Sale
674,2026-07-25,11:06:32,11,Saturday,Lunch,8.6,7.17,1.43,0.0,Takeaway1,Register
675,2026-07-25,11:11:00,11,Saturday,Lunch,24.45,20.37,4.08,0.0,46,Point of Sale
676,2026-07-25,11:11:27,11,Saturday,Lunch,4.1,3.42,0.68,0.0,Takeaway1,Point of Sale
677,2026-07-25,11:20:32,11,Saturday,Lunch,43.9,36.58,7.32,4.39,48,Register
678,2026-07-25,11:23:45,11,Saturday,Lunch,131.05,109.21,21.84,13.1,6,Register
679,2026-07-25,11:30:09,11,Saturday,Lunch,43.2,36.0,7.2,4.32,26,Register
680,2026-07-25,11:40:21,11,Saturday,Lunch,10.8,9.0,1.8,1.08,41,Register
681,2026-07-25,11:47:41,11,Saturday,Lunch,19.45,16.21,3.24,0.55,23,Register
682,2026-07-25,12:00:52,12,Saturday,Lunch,90.05,75.04,15.01,0.0,28,Register
683,2026-07-25,12:04:56,12,Saturday,Lunch,49.45,41.21,8.24,3.3,2,Register
684,2026-07-25,12:14:16,12,Saturday,Lunch,47.05,39.21,7.84,5.45,43,Register
685,2026-07-25,12:15:54,12,Saturday,Lunch,66.6,55.5,11.1,0.0,48,Register
686,2026-07-25,12:32:26,12,Saturday,Lunch,6.9,5.75,1.15,0.5,23,Register
687,2026-07-25,12:34:27,12,Saturday,Lunch,35.6,29.67,5.93,3.56,26,Register
688,2026-07-25,12:37:02,12,Saturday,Lunch,40.75,33.96,6.79,0.0,20,Register
689,2026-07-25,12:40:35,12,Saturday,Lunch,25.45,21.21,4.24,0.0,2,Register
690,2026-07-25,12:49:59,12,Saturday,Lunch,56.7,47.25,9.45,5.67,46,Register
691,2026-07-25,12:56:11,12,Saturday,Lunch,43.3,36.08,7.22,4.33,4,Point of Sale
692,2026-07-25,13:22:14,13,Saturday,Lunch,45.8,38.17,7.63,5.5,12,Register
693,2026-07-25,13:33:21,13,Saturday,Lunch,16.25,13.54,2.71,0.0,41,Point of Sale
694,2026-07-25,13:37:38,13,Saturday,Lunch,13.0,10.83,2.17,0.0,45,Point of Sale
695,2026-07-25,13:40:18,13,Saturday,Lunch,47.6,39.67,7.93,4.76,10,Register
696,2026-07-25,13:43:14,13,Saturday,Lunch,57.55,47.96,9.59,5.76,6,Register
697,2026-07-25,13:49:19,13,Saturday,Lunch,6.0,5.0,1.0,0.0,11,Register
698,2026-07-25,13:50:35,13,Saturday,Lunch,29.3,24.42,4.88,2.93,43,Register
699,2026-07-25,14:02:24,14,Saturday,Lunch,8.6,7.17,1.43,0.0,9,Register
700,2026-07-25,14:08:30,14,Saturday,Lunch,57.8,48.17,9.63,3.86,42,Register
701,2026-07-25,14:21:44,14,Saturday,Lunch,65.3,54.42,10.88,6.7,46,Point of Sale
702,2026-07-25,14:23:12,14,Saturday,Lunch,3.9,3.25,0.65,0.0,7,Register
703,2026-07-25,14:26:43,14,Saturday,Lunch,31.8,26.5,5.3,3.18,12,Register
704,2026-07-25,14:34:39,14,Saturday,Lunch,29.7,24.75,4.95,2.97,4,Point of Sale
705,2026-07-25,14:42:21,14,Saturday,Lunch,39.4,32.83,6.57,3.94,26,Point of Sale
706,2026-07-25,14:44:19,14,Saturday,Lunch,38.4,32.0,6.4,4.22,23,Register
707,2026-07-25,14:56:19,14,Saturday,Lunch,72.1,60.08,12.02,8.65,2,Register
708,2026-07-25,14:59:33,14,Saturday,Lunch,26.4,22.0,4.4,0.0,6,Point of Sale
709,2026-07-25,15:07:40,15,Saturday,Afternoon,37.9,31.58,6.32,5.54,22,Register
710,2026-07-25,15:12:51,15,Saturday,Afternoon,21.5,17.92,3.58,0.0,28,Point of Sale
711,2026-07-25,15:42:44,15,Saturday,Afternoon,18.1,15.08,3.02,0.9,46,Register
712,2026-07-25,16:06:31,16,Saturday,Afternoon,3.6,3.0,0.6,0.0,47,Register
713,2026-07-25,16:30:45,16,Saturday,Afternoon,7.1,5.92,1.18,0.0,1,Register
714,2026-07-25,16:40:32,16,Saturday,Afternoon,5.5,4.58,0.92,0.0,22,Point of Sale
715,2026-07-25,16:55:19,16,Saturday,Afternoon,11.15,9.29,1.86,0.0,26,Point of Sale
716,2026-07-25,17:26:53,17,Saturday,Dinner,38.9,32.42,6.48,5.84,12,Point of Sale
717,2026-07-25,17:50:52,17,Saturday,Dinner,5.25,4.37,0.88,0.0,42,Point of Sale
718,2026-07-25,17:54:42,17,Saturday,Dinner,88.14,73.45,14.69,1.86,25 - 2,Register
719,2026-07-25,17:58:21,17,Saturday,Dinner,48.95,40.79,8.16,4.9,48,Register
720,2026-07-25,18:04:22,18,Saturday,Dinner,12.0,10.0,2.0,0.0,Takeaway1,Register
721,2026-07-25,18:15:01,18,Saturday,Dinner,3.1,2.58,0.52,0.0,69,Register
722,2026-07-25,18:24:58,18,Saturday,Dinner,66.3,55.25,11.05,0.0,26,Register
723,2026-07-25,18:35:57,18,Saturday,Dinner,69.8,58.17,11.63,10.47,20,Register
724,2026-07-25,18:54:45,18,Saturday,Dinner,29.9,24.92,4.98,5.1,41,Register
725,2026-07-25,18:55:52,18,Saturday,Dinner,32.4,27.0,5.4,0.0,45,Register
726,2026-07-25,19:11:10,19,Saturday,Dinner,14.7,12.25,2.45,0.0,43,Register
727,2026-07-25,19:18:35,19,Saturday,Dinner,3.5,2.92,0.58,0.0,46,Register
728,2026-07-25,19:38:39,19,Saturday,Dinner,27.0,22.5,4.5,3.24,48,Register
729,2026-07-25,19:39:56,19,Saturday,Dinner,69.6,58.0,11.6,0.0,2,Register
730,2026-07-25,20:29:27,20,Saturday,Dinner,95.0,79.17,15.83,0.0,41,Point of Sale
731,2026-07-25,20:44:42,20,Saturday,Dinner,56.65,47.21,9.44,6.8,46,Point of Sale
732,2026-07-25,21:05:30,21,Saturday,Dinner,99.75,83.13,16.62,9.98,6,Register
733,2026-07-25,21:06:39,21,Saturday,Dinner,55.9,46.58,9.32,4.1,27,Point of Sale
734,2026-07-25,21:16:32,21,Saturday,Dinner,104.75,87.29,17.46,10.48,26,Register
735,2026-07-25,21:20:12,21,Saturday,Dinner,157.95,131.63,26.32,12.05,20,Point of Sale
736,2026-07-25,21:22:59,21,Saturday,Dinner,32.9,27.42,5.48,3.95,42,Register
737,2026-07-25,21:24:43,21,Saturday,Dinner,239.35,199.46,39.89,28.72,28,Register
738,2026-07-25,21:35:24,21,Saturday,Dinner,58.9,49.08,9.82,7.1,12,Point of Sale
739,2026-07-25,21:39:26,21,Saturday,Dinner,33.5,27.92,5.58,0.0,43,Register
740,2026-07-25,22:05:22,22,Saturday,Dinner,70.85,59.04,11.81,9.15,2,Point of Sale
741,2026-07-25,22:06:33,22,Saturday,Dinner,120.8,100.67,20.13,15.2,25,Register
742,2026-07-25,22:34:32,22,Saturday,Dinner,41.65,34.71,6.94,0.0,41,Register
743,2026-07-25,22:35:22,22,Saturday,Dinner,27.6,23.0,4.6,0.0,44,Register
744,2026-07-26,08:35:08,8,Sunday,Breakfast,2.9,2.42,0.48,0.0,46,Register
745,2026-07-26,08:46:15,8,Sunday,Breakfast,3.5,2.92,0.58,0.0,Takeaway1,Register
746,2026-07-26,08:46:56,8,Sunday,Breakfast,2.98,2.48,0.5,0.0,Takeaway1,Register
747,2026-07-26,08:52:01,8,Sunday,Breakfast,3.32,2.77,0.55,0.0,Takeaway1,Register
748,2026-07-26,09:03:17,9,Sunday,Breakfast,9.1,7.58,1.52,0.0,20,Register
749,2026-07-26,09:16:49,9,Sunday,Breakfast,3.5,2.92,0.58,0.0,Takeaway1,Register
750,2026-07-26,09:44:54,9,Sunday,Breakfast,3.7,3.08,0.62,0.0,41,Point of Sale
751,2026-07-26,09:47:48,9,Sunday,Breakfast,13.3,11.08,2.22,1.33,8,Register
752,2026-07-26,09:51:23,9,Sunday,Breakfast,25.45,21.21,4.24,2.54,23,Register
753,2026-07-26,10:08:30,10,Sunday,Breakfast,7.0,5.83,1.17,0.0,2,Register
754,2026-07-26,10:13:39,10,Sunday,Breakfast,15.0,12.5,2.5,0.0,1,Register
755,2026-07-26,10:19:27,10,Sunday,Breakfast,43.75,36.46,7.29,4.38,7,Register
756,2026-07-26,10:30:32,10,Sunday,Breakfast,17.8,14.83,2.97,1.78,6,Register
757,2026-07-26,10:31:24,10,Sunday,Breakfast,37.85,31.54,6.31,3.78,45,Register
758,2026-07-26,10:54:30,10,Sunday,Breakfast,3.5,2.92,0.58,0.0,46,Point of Sale
759,2026-07-26,11:02:12,11,Sunday,Lunch,6.6,5.5,1.1,2.0,43,Point of Sale
760,2026-07-26,11:08:17,11,Sunday,Lunch,11.5,9.58,1.92,1.15,20,Register
761,2026-07-26,11:16:51,11,Sunday,Lunch,57.7,48.08,9.62,0.0,26,Register
762,2026-07-26,11:19:29,11,Sunday,Lunch,3.1,2.58,0.52,0.0,41,Register
763,2026-07-26,11:33:48,11,Sunday,Lunch,38.95,32.46,6.49,3.9,23,Register
764,2026-07-26,11:35:14,11,Sunday,Lunch,14.8,12.33,2.47,1.48,1,Point of Sale
765,2026-07-26,11:47:39,11,Sunday,Lunch,76.1,63.42,12.68,7.61,43,Point of Sale
766,2026-07-26,11:54:35,11,Sunday,Lunch,22.4,18.67,3.73,0.0,2,Point of Sale
767,2026-07-26,12:03:51,12,Sunday,Lunch,53.85,44.87,8.98,0.0,26,Point of Sale
768,2026-07-26,12:17:26,12,Sunday,Lunch,15.4,12.83,2.57,1.54,46,Point of Sale
769,2026-07-26,12:18:28,12,Sunday,Lunch,25.3,21.08,4.22,2.53,69,Register
770,2026-07-26,12:19:34,12,Sunday,Lunch,54.75,45.63,9.12,0.0,7,Register
771,2026-07-26,12:22:16,12,Sunday,Lunch,3.5,2.92,0.58,0.0,41,Register
772,2026-07-26,12:23:13,12,Sunday,Lunch,3.9,3.25,0.65,0.0,8,Point of Sale
773,2026-07-26,12:27:37,12,Sunday,Lunch,66.6,55.5,11.1,8.4,25,Register
774,2026-07-26,12:32:44,12,Sunday,Lunch,90.85,75.71,15.14,10.9,28,Register
775,2026-07-26,12:46:14,12,Sunday,Lunch,29.3,24.42,4.88,3.7,1,Point of Sale
776,2026-07-26,12:46:46,12,Sunday,Lunch,97.85,81.54,16.31,9.78,45,Point of Sale
777,2026-07-26,12:54:51,12,Sunday,Lunch,67.95,56.63,11.32,7.05,6,Register
778,2026-07-26,12:55:07,12,Sunday,Lunch,41.55,34.63,6.92,4.99,11,Point of Sale
779,2026-07-26,13:02:03,13,Sunday,Lunch,26.0,21.67,4.33,2.6,8,Point of Sale
780,2026-07-26,13:05:35,13,Sunday,Lunch,3.7,3.08,0.62,0.0,Takeaway1,Register
781,2026-07-26,13:17:53,13,Sunday,Lunch,8.6,7.17,1.43,1.4,43,Point of Sale
782,2026-07-26,13:18:05,13,Sunday,Lunch,62.35,51.96,10.39,6.86,46,Point of Sale
783,2026-07-26,13:19:02,13,Sunday,Lunch,81.85,68.21,13.64,9.0,23,Point of Sale
784,2026-07-26,13:23:00,13,Sunday,Lunch,12.32,10.27,2.05,0.0,Takeaway3,Register
785,2026-07-26,13:25:57,13,Sunday,Lunch,27.9,23.25,4.65,0.0,20,Point of Sale
786,2026-07-26,13:29:11,13,Sunday,Lunch,63.25,52.71,10.54,9.49,12,Register
787,2026-07-26,13:47:39,13,Sunday,Lunch,82.8,69.0,13.8,8.28,25,Point of Sale
788,2026-07-26,14:22:41,14,Sunday,Lunch,99.7,83.08,16.62,9.96,26,Point of Sale
789,2026-07-26,14:30:30,14,Sunday,Lunch,88.0,73.33,14.67,8.8,27,Point of Sale
790,2026-07-26,14:34:37,14,Sunday,Lunch,41.6,34.67,6.93,3.4,11,Point of Sale
791,2026-07-26,14:34:40,14,Sunday,Lunch,38.1,31.75,6.35,3.8,69,Register
792,2026-07-26,14:35:11,14,Sunday,Lunch,34.75,28.96,5.79,0.0,20,Point of Sale
793,2026-07-26,14:37:45,14,Sunday,Lunch,37.9,31.58,6.32,3.79,48,Point of Sale
794,2026-07-26,14:37:57,14,Sunday,Lunch,39.7,33.08,6.62,4.3,43,Point of Sale
795,2026-07-26,14:38:56,14,Sunday,Lunch,16.8,14.0,2.8,0.0,46,Point of Sale
796,2026-07-26,14:42:02,14,Sunday,Lunch,14.15,11.79,2.36,1.42,4,Point of Sale
797,2026-07-26,14:42:33,14,Sunday,Lunch,43.3,36.08,7.22,1.7,41,Point of Sale
798,2026-07-26,14:48:35,14,Sunday,Lunch,70.35,58.63,11.72,9.65,45,Point of Sale
799,2026-07-26,14:49:31,14,Sunday,Lunch,72.0,60.0,12.0,8.64,6,Point of Sale
800,2026-07-26,15:03:40,15,Sunday,Afternoon,73.1,60.92,12.18,0.0,7,Point of Sale
801,2026-07-26,15:04:27,15,Sunday,Afternoon,67.95,56.63,11.32,7.48,2,Register
802,2026-07-26,15:07:52,15,Sunday,Afternoon,14.5,12.08,2.42,0.0,Takeaway1,Register
803,2026-07-26,15:13:02,15,Sunday,Afternoon,33.0,27.5,5.5,3.3,23,Point of Sale
804,2026-07-26,15:16:48,15,Sunday,Afternoon,3.9,3.25,0.65,0.0,41,Point of Sale
805,2026-07-26,15:20:51,15,Sunday,Afternoon,55.45,46.21,9.24,5.54,20,Point of Sale
806,2026-07-26,15:27:46,15,Sunday,Afternoon,57.4,47.83,9.57,4.6,28,Point of Sale
807,2026-07-26,15:44:50,15,Sunday,Afternoon,7.5,6.25,1.25,0.0,26,Register
808,2026-07-26,15:55:22,15,Sunday,Afternoon,41.1,34.25,6.85,0.0,22,Point of Sale
809,2026-07-26,15:58:38,15,Sunday,Afternoon,45.25,37.71,7.54,4.75,45,Point of Sale
810,2026-07-26,15:59:29,15,Sunday,Afternoon,45.5,37.92,7.58,0.0,48,Point of Sale
811,2026-07-26,16:00:24,16,Sunday,Afternoon,37.7,31.42,6.28,4.52,12,Point of Sale
812,2026-07-26,16:24:09,16,Sunday,Afternoon,83.9,69.92,13.98,0.0,43,Point of Sale
813,2026-07-26,16:35:29,16,Sunday,Afternoon,18.05,15.04,3.01,0.0,41,Register
814,2026-07-26,16:45:09,16,Sunday,Afternoon,24.45,20.37,4.08,0.0,44,Point of Sale
815,2026-07-26,16:52:56,16,Sunday,Afternoon,37.65,31.37,6.28,4.52,1,Register
816,2026-07-26,16:53:39,16,Sunday,Afternoon,19.6,16.33,3.27,1.96,46,Point of Sale
817,2026-07-26,16:55:55,16,Sunday,Afternoon,23.45,19.54,3.91,1.5,25,Point of Sale
818,2026-07-26,17:09:18,17,Sunday,Dinner,4.3,3.58,0.72,0.0,20,Register
819,2026-07-26,17:12:04,17,Sunday,Dinner,8.4,7.0,1.4,0.0,42,Register
820,2026-07-26,17:30:49,17,Sunday,Dinner,69.95,58.29,11.66,0.0,26,Register
821,2026-07-26,18:15:56,18,Sunday,Dinner,9.05,7.54,1.51,0.0,1,Point of Sale
822,2026-07-26,18:34:39,18,Sunday,Dinner,3.5,2.92,0.58,0.0,42,Register
823,2026-07-26,18:42:40,18,Sunday,Dinner,3.5,2.92,0.58,0.0,Takeaway1,Register
824,2026-07-26,18:49:00,18,Sunday,Dinner,3.5,2.92,0.58,0.0,Takeaway1,Register
825,2026-07-26,18:59:14,18,Sunday,Dinner,18.3,15.25,3.05,0.0,44,Point of Sale
826,2026-07-26,19:05:18,19,Sunday,Dinner,9.0,7.5,1.5,0.0,48,Point of Sale
827,2026-07-26,19:08:59,19,Sunday,Dinner,39.5,32.92,6.58,0.0,41,Register
828,2026-07-26,19:19:26,19,Sunday,Dinner,29.3,24.42,4.88,0.0,42,Point of Sale
829,2026-07-26,19:20:03,19,Sunday,Dinner,49.45,41.21,8.24,4.94,4,Point of Sale
830,2026-07-26,19:51:50,19,Sunday,Dinner,85.3,71.08,14.22,0.0,28,Point of Sale
831,2026-07-26,20:38:16,20,Sunday,Dinner,50.35,41.96,8.39,0.0,20,Point of Sale
832,2026-07-26,20:50:39,20,Sunday,Dinner,102.15,85.13,17.02,10.22,6,Register
833,2026-07-26,21:02:01,21,Sunday,Dinner,6.6,5.5,1.1,0.01,46 Agor dennis,Register
834,2026-07-26,21:12:21,21,Sunday,Dinner,167.7,139.75,27.95,25.16,45,Point of Sale
835,2026-07-26,21:22:04,21,Sunday,Dinner,143.75,119.79,23.96,0.0,25,Point of Sale
836,2026-07-26,21:26:44,21,Sunday,Dinner,90.3,75.25,15.05,9.03,26,Point of Sale
837,2026-07-26,21:37:40,21,Sunday,Dinner,6.9,5.75,1.15,0.0,1,Point of Sale
838,2026-07-27,08:34:03,8,Monday,Breakfast,3.9,3.25,0.65,0.0,2,Register
839,2026-07-27,09:13:35,9,Monday,Breakfast,8.7,7.25,1.45,0.0,41,Point of Sale
840,2026-07-27,09:19:06,9,Monday,Breakfast,3.9,3.25,0.65,0.0,47,Register
841,2026-07-27,09:19:16,9,Monday,Breakfast,22.45,18.71,3.74,0.0,1,Register
842,2026-07-27,09:24:14,9,Monday,Breakfast,2.9,2.42,0.48,0.0,47,Register
843,2026-07-27,09:29:50,9,Monday,Breakfast,7.4,6.17,1.23,0.0,46,Register
844,2026-07-27,09:31:02,9,Monday,Breakfast,18.55,15.46,3.09,0.0,43,Register
845,2026-07-27,09:36:06,9,Monday,Breakfast,12.8,10.67,2.13,0.0,48,Register
846,2026-07-27,09:38:54,9,Monday,Breakfast,3.5,2.92,0.58,0.0,46,Point of Sale
847,2026-07-27,09:39:11,9,Monday,Breakfast,4.6,3.83,0.77,0.0,42,Register
848,2026-07-27,09:39:36,9,Monday,Breakfast,3.5,2.92,0.58,0.0,45,Register
849,2026-07-27,09:45:50,9,Monday,Breakfast,19.75,16.46,3.29,1.98,27,Point of Sale
850,2026-07-27,09:47:54,9,Monday,Breakfast,3.6,3.0,0.6,0.0,4,Register
851,2026-07-27,10:20:58,10,Monday,Breakfast,3.5,2.92,0.58,0.0,22,Register
852,2026-07-27,10:21:14,10,Monday,Breakfast,6.4,5.33,1.07,0.0,41,Point of Sale
853,2026-07-27,10:21:28,10,Monday,Breakfast,10.2,8.5,1.7,0.0,20,Point of Sale
854,2026-07-27,10:32:29,10,Monday,Breakfast,3.6,3.0,0.6,0.0,Takeaway1,Register
855,2026-07-27,11:22:53,11,Monday,Lunch,80.45,67.04,13.41,0.0,43,Register
856,2026-07-27,11:57:40,11,Monday,Lunch,59.7,49.75,9.95,0.0,69,Register
857,2026-07-27,12:09:52,12,Monday,Lunch,35.25,29.37,5.88,3.52,20,Point of Sale
858,2026-07-27,12:18:45,12,Monday,Lunch,9.5,7.92,1.58,0.0,4,Register
859,2026-07-27,12:35:28,12,Monday,Lunch,7.1,5.92,1.18,0.0,Takeaway1,Register
860,2026-07-27,12:47:17,12,Monday,Lunch,7.0,5.83,1.17,0.0,Takeaway1,Register
861,2026-07-27,12:56:16,12,Monday,Lunch,58.3,48.58,9.72,5.83,28,Register
862,2026-07-27,12:58:14,12,Monday,Lunch,31.75,26.46,5.29,3.18,11,Register
863,2026-07-27,13:01:08,13,Monday,Lunch,76.4,63.67,12.73,7.64,6,Point of Sale
864,2026-07-27,13:17:45,13,Monday,Lunch,30.35,25.29,5.06,3.04,27,Register
865,2026-07-27,13:29:44,13,Monday,Lunch,13.85,11.54,2.31,0.0,8,Point of Sale
866,2026-07-27,13:36:22,13,Monday,Lunch,26.3,21.92,4.38,3.7,46,Point of Sale
867,2026-07-27,13:41:43,13,Monday,Lunch,32.0,26.67,5.33,3.52,23,Point of Sale
868,2026-07-27,13:43:17,13,Monday,Lunch,87.95,73.29,14.66,0.0,20,Register
869,2026-07-27,13:50:26,13,Monday,Lunch,68.6,57.17,11.43,0.0,3,Register
870,2026-07-27,13:51:01,13,Monday,Lunch,3.8,3.17,0.63,0.0,10,Point of Sale
871,2026-07-27,13:57:49,13,Monday,Lunch,4.9,4.08,0.82,0.0,20,Register
872,2026-07-27,13:59:08,13,Monday,Lunch,79.9,66.58,13.32,7.99,7,Register
873,2026-07-27,14:08:33,14,Monday,Lunch,26.45,22.04,4.41,3.18,12,Point of Sale
874,2026-07-27,14:17:42,14,Monday,Lunch,53.9,44.92,8.98,8.08,27,Register
875,2026-07-27,14:19:56,14,Monday,Lunch,51.3,42.75,8.55,6.16,6,Register
876,2026-07-27,14:29:56,14,Monday,Lunch,31.35,26.13,5.22,0.0,9,Register
877,2026-07-27,14:32:50,14,Monday,Lunch,47.1,39.25,7.85,4.71,43,Point of Sale
878,2026-07-27,14:34:09,14,Monday,Lunch,25.05,20.87,4.18,4.95,11,Register
879,2026-07-27,14:37:11,14,Monday,Lunch,45.0,37.5,7.5,5.0,28,Point of Sale
880,2026-07-27,14:52:35,14,Monday,Lunch,68.35,56.96,11.39,7.65,25,Point of Sale
881,2026-07-27,14:53:25,14,Monday,Lunch,44.6,37.17,7.43,5.35,45,Point of Sale
882,2026-07-27,14:53:44,14,Monday,Lunch,70.95,59.13,11.82,7.1,26,Point of Sale
883,2026-07-27,14:58:16,14,Monday,Lunch,46.25,38.54,7.71,0.0,69,Point of Sale
884,2026-07-27,15:30:48,15,Monday,Afternoon,41.25,34.37,6.88,0.0,23,Point of Sale
885,2026-07-27,15:38:43,15,Monday,Afternoon,18.45,15.37,3.08,1.55,48,Point of Sale
886,2026-07-27,15:57:57,15,Monday,Afternoon,14.8,12.33,2.47,1.48,46,Point of Sale
887,2026-07-27,16:06:26,16,Monday,Afternoon,36.65,30.54,6.11,0.0,26,Register
888,2026-07-27,16:07:11,16,Monday,Afternoon,67.7,56.42,11.28,0.0,Takeaway1,Register
889,2026-07-27,16:07:41,16,Monday,Afternoon,25.0,20.83,4.17,0.0,12,Point of Sale
890,2026-07-27,16:43:48,16,Monday,Afternoon,92.3,76.92,15.38,9.23,7,Point of Sale
891,2026-07-27,17:27:07,17,Monday,Dinner,0.0,0.0,0.0,0.0,1,Point of Sale
892,2026-07-27,17:28:00,17,Monday,Dinner,86.7,72.25,14.45,0.0,6,Register
893,2026-07-27,17:36:49,17,Monday,Dinner,34.5,28.75,5.75,0.0,48,Register
894,2026-07-27,17:52:40,17,Monday,Dinner,3.5,2.92,0.58,0.0,41,Register
895,2026-07-27,18:08:49,18,Monday,Dinner,17.85,14.87,2.98,0.0,43,Register
896,2026-07-27,18:26:28,18,Monday,Dinner,24.0,20.0,4.0,0.0,23,Register
897,2026-07-27,18:31:01,18,Monday,Dinner,48.5,40.42,8.08,5.82,45,Point of Sale
898,2026-07-27,19:27:49,19,Monday,Dinner,62.65,52.21,10.44,6.26,6,Register
899,2026-07-27,19:28:49,19,Monday,Dinner,7.1,5.92,1.18,0.0,26,Point of Sale
900,2026-07-27,19:57:19,19,Monday,Dinner,19.5,16.25,3.25,0.0,43,Point of Sale
901,2026-07-27,20:21:24,20,Monday,Dinner,102.85,85.71,17.14,0.0,20,Point of Sale
902,2026-07-27,20:37:34,20,Monday,Dinner,79.4,66.17,13.23,8.6,48,Point of Sale
903,2026-07-27,20:39:49,20,Monday,Dinner,48.6,40.5,8.1,4.86,25,Register
904,2026-07-27,21:00:14,21,Monday,Dinner,51.45,42.87,8.58,2.57,41,Point of Sale
905,2026-07-27,21:08:32,21,Monday,Dinner,31.95,26.63,5.32,3.2,45,Register
906,2026-07-28,08:46:24,8,Tuesday,Breakfast,4.5,3.75,0.75,0.0,45,Register
907,2026-07-28,09:11:38,9,Tuesday,Breakfast,17.85,14.87,2.98,1.78,46,Register
908,2026-07-28,09:22:47,9,Tuesday,Breakfast,3.9,3.25,0.65,0.0,47,Register
909,2026-07-28,09:23:31,9,Tuesday,Breakfast,3.6,3.0,0.6,0.0,48,Register
910,2026-07-28,09:26:11,9,Tuesday,Breakfast,4.1,3.42,0.68,0.0,41,Register
911,2026-07-28,09:36:35,9,Tuesday,Breakfast,4.6,3.83,0.77,0.0,42,Point of Sale
912,2026-07-28,09:41:58,9,Tuesday,Breakfast,5.52,4.6,0.92,0.0,Takeaway1,Register
913,2026-07-28,09:45:00,9,Tuesday,Breakfast,18.5,15.42,3.08,0.0,45,Register
914,2026-07-28,09:57:49,9,Tuesday,Breakfast,38.7,32.25,6.45,0.0,25,Register
915,2026-07-28,10:00:03,10,Tuesday,Breakfast,72.05,60.04,12.01,8.65,6,Point of Sale
916,2026-07-28,10:07:24,10,Tuesday,Breakfast,3.6,3.0,0.6,0.0,1,Register
917,2026-07-28,10:46:15,10,Tuesday,Breakfast,3.66,3.05,0.61,0.0,41,Register
918,2026-07-28,10:48:32,10,Tuesday,Breakfast,19.55,16.29,3.26,0.0,46,Register
919,2026-07-28,10:58:54,10,Tuesday,Breakfast,15.95,13.29,2.66,1.6,26,Point of Sale
920,2026-07-28,11:08:34,11,Tuesday,Lunch,38.55,32.13,6.42,4.63,7,Register
921,2026-07-28,11:11:40,11,Tuesday,Lunch,4.3,3.58,0.72,0.0,20,Register
922,2026-07-28,11:29:43,11,Tuesday,Lunch,20.05,16.71,3.34,4.95,45,Point of Sale
923,2026-07-28,11:47:07,11,Tuesday,Lunch,7.2,6.0,1.2,0.0,46,Point of Sale
924,2026-07-28,11:55:45,11,Tuesday,Lunch,59.7,49.75,9.95,0.0,28,Point of Sale
925,2026-07-28,12:01:32,12,Tuesday,Lunch,19.4,16.17,3.23,1.94,8,Point of Sale
926,2026-07-28,12:05:36,12,Tuesday,Lunch,39.95,33.29,6.66,0.0,2,Point of Sale
927,2026-07-28,12:14:07,12,Tuesday,Lunch,10.8,9.0,1.8,0.0,27,Point of Sale
928,2026-07-28,12:16:13,12,Tuesday,Lunch,7.3,6.08,1.22,0.0,11,Point of Sale
929,2026-07-28,12:23:37,12,Tuesday,Lunch,31.95,26.63,5.32,0.0,48,Point of Sale
930,2026-07-28,12:27:37,12,Tuesday,Lunch,11.95,9.96,1.99,1.2,12,Point of Sale
931,2026-07-28,12:28:37,12,Tuesday,Lunch,28.8,24.0,4.8,0.0,20,Point of Sale
932,2026-07-28,12:35:08,12,Tuesday,Lunch,21.7,18.08,3.62,0.0,26,Point of Sale
933,2026-07-28,12:48:15,12,Tuesday,Lunch,33.25,27.71,5.54,3.32,69,Point of Sale
934,2026-07-28,12:55:33,12,Tuesday,Lunch,45.05,37.54,7.51,0.0,25,Point of Sale
935,2026-07-28,13:03:37,13,Tuesday,Lunch,54.4,45.33,9.07,0.0,43,Point of Sale
936,2026-07-28,13:35:39,13,Tuesday,Lunch,69.85,58.21,11.64,6.98,2,Point of Sale
937,2026-07-28,13:44:11,13,Tuesday,Lunch,14.4,12.0,2.4,1.44,45,Point of Sale
938,2026-07-28,13:48:01,13,Tuesday,Lunch,26.35,21.96,4.39,3.65,43,Point of Sale
939,2026-07-28,13:48:39,13,Tuesday,Lunch,11.9,9.92,1.98,0.0,8,Point of Sale
940,2026-07-28,13:52:32,13,Tuesday,Lunch,29.0,24.17,4.83,3.48,12,Point of Sale
941,2026-07-28,13:52:52,13,Tuesday,Lunch,6.5,5.42,1.08,0.0,9,Point of Sale
942,2026-07-28,13:54:06,13,Tuesday,Lunch,3.7,3.08,0.62,0.0,41,Point of Sale
943,2026-07-28,13:54:52,13,Tuesday,Lunch,47.35,39.46,7.89,5.65,11,Point of Sale
944,2026-07-28,13:56:20,13,Tuesday,Lunch,77.9,64.92,12.98,0.0,69,Point of Sale
945,2026-07-28,14:00:29,14,Tuesday,Lunch,7.0,5.83,1.17,0.0,46,Point of Sale
946,2026-07-28,14:05:25,14,Tuesday,Lunch,33.85,28.21,5.64,0.0,26,Point of Sale
947,2026-07-28,14:10:55,14,Tuesday,Lunch,84.4,70.33,14.07,10.41,48,Point of Sale
948,2026-07-28,14:15:03,14,Tuesday,Lunch,39.25,32.71,6.54,3.92,27,Point of Sale
949,2026-07-28,14:16:14,14,Tuesday,Lunch,17.3,14.42,2.88,0.0,22,Register
950,2026-07-28,14:19:25,14,Tuesday,Lunch,52.4,43.67,8.73,7.6,28,Point of Sale
951,2026-07-28,14:21:28,14,Tuesday,Lunch,52.5,43.75,8.75,0.0,6,Register
952,2026-07-28,14:28:04,14,Tuesday,Lunch,29.0,24.17,4.83,3.0,4,Point of Sale
953,2026-07-28,14:29:18,14,Tuesday,Lunch,40.2,33.5,6.7,4.02,10,Point of Sale
954,2026-07-28,14:30:56,14,Tuesday,Lunch,64.05,53.37,10.68,5.95,25,Point of Sale
955,2026-07-28,14:35:53,14,Tuesday,Lunch,38.95,32.46,6.49,1.0,20,Point of Sale
956,2026-07-28,14:42:35,14,Tuesday,Lunch,22.4,18.67,3.73,0.0,9,Point of Sale
957,2026-07-28,14:49:57,14,Tuesday,Lunch,53.95,44.96,8.99,0.0,45,Point of Sale
958,2026-07-28,15:03:10,15,Tuesday,Afternoon,28.25,23.54,4.71,0.0,46,Register
959,2026-07-28,15:07:59,15,Tuesday,Afternoon,98.5,82.08,16.42,0.0,2,Point of Sale
960,2026-07-28,15:14:22,15,Tuesday,Afternoon,29.0,24.17,4.83,0.0,43,Register
961,2026-07-28,16:26:08,16,Tuesday,Afternoon,60.95,50.79,10.16,7.0,23,Point of Sale
962,2026-07-28,16:47:44,16,Tuesday,Afternoon,5.95,4.96,0.99,0.0,45,Register
963,2026-07-28,16:49:34,16,Tuesday,Afternoon,31.85,26.54,5.31,3.18,2,Point of Sale
964,2026-07-28,16:51:55,16,Tuesday,Afternoon,7.3,6.08,1.22,0.0,6,Register
965,2026-07-28,16:59:54,16,Tuesday,Afternoon,3.7,3.08,0.62,0.0,47,Point of Sale
966,2026-07-28,17:06:17,17,Tuesday,Dinner,45.4,37.83,7.57,4.54,20,Point of Sale
967,2026-07-28,17:11:07,17,Tuesday,Dinner,68.35,56.96,11.39,0.0,11,Register
968,2026-07-28,17:22:04,17,Tuesday,Dinner,32.55,27.13,5.42,3.26,12,Register
969,2026-07-28,17:47:05,17,Tuesday,Dinner,7.5,6.25,1.25,0.0,42,Point of Sale
970,2026-07-28,18:07:59,18,Tuesday,Dinner,3.9,3.25,0.65,0.0,47,Point of Sale
971,2026-07-28,18:36:19,18,Tuesday,Dinner,45.7,38.08,7.62,4.57,20,Point of Sale
972,2026-07-28,18:48:28,18,Tuesday,Dinner,3.5,2.92,0.58,0.0,46,Register
973,2026-07-28,18:50:48,18,Tuesday,Dinner,5.5,4.58,0.92,0.0,46,Point of Sale
974,2026-07-28,19:12:04,19,Tuesday,Dinner,44.15,36.79,7.36,0.0,3,Point of Sale
975,2026-07-28,19:21:41,19,Tuesday,Dinner,8.7,7.25,1.45,1.0,43,Point of Sale
976,2026-07-28,19:23:51,19,Tuesday,Dinner,71.9,59.92,11.98,0.0,7,Point of Sale
977,2026-07-28,19:25:20,19,Tuesday,Dinner,82.65,68.87,13.78,0.0,25,Register
978,2026-07-28,19:30:56,19,Tuesday,Dinner,28.65,23.87,4.78,0.0,48,Point of Sale
979,2026-07-28,20:55:00,20,Tuesday,Dinner,32.9,27.42,5.48,0.0,47,Point of Sale
980,2026-07-28,21:04:22,21,Tuesday,Dinner,48.9,40.75,8.15,0.0,11,Point of Sale
981,2026-07-28,21:05:18,21,Tuesday,Dinner,63.3,52.75,10.55,6.33,25,Point of Sale
982,2026-07-28,21:25:01,21,Tuesday,Dinner,53.1,44.25,8.85,0.0,26,Point of Sale
983,2026-07-28,21:46:09,21,Tuesday,Dinner,16.2,13.5,2.7,0.0,45,Point of Sale
984,2026-07-28,21:47:46,21,Tuesday,Dinner,116.75,97.29,19.46,15.0,10,Point of Sale
985,2026-07-28,21:57:52,21,Tuesday,Dinner,30.0,25.0,5.0,0.0,47,Register
986,2026-07-28,22:03:27,22,Tuesday,Dinner,55.95,46.63,9.32,0.0,20,Point of Sale
987,2026-07-28,22:05:07,22,Tuesday,Dinner,98.15,81.79,16.36,9.8,6,Point of Sale
988,2026-07-29,08:48:20,8,Wednesday,Breakfast,16.85,14.04,2.81,0.0,47,Register
989,2026-07-29,09:00:58,9,Wednesday,Breakfast,2.9,2.42,0.48,0.0,47,Register
990,2026-07-29,09:05:38,9,Wednesday,Breakfast,10.3,8.58,1.72,0.0,46,Register
991,2026-07-29,09:08:49,9,Wednesday,Breakfast,39.95,33.29,6.66,0.0,45,Register
992,2026-07-29,09:43:04,9,Wednesday,Breakfast,3.3,2.75,0.55,0.0,47,Point of Sale
993,2026-07-29,09:46:37,9,Wednesday,Breakfast,6.4,5.33,1.07,0.0,43,Point of Sale
994,2026-07-29,10:03:51,10,Wednesday,Breakfast,14.25,11.87,2.38,0.0,2,Point of Sale
995,2026-07-29,10:18:39,10,Wednesday,Breakfast,7.0,5.83,1.17,0.0,25,Point of Sale
996,2026-07-29,10:28:16,10,Wednesday,Breakfast,58.2,48.5,9.7,5.82,6,Point of Sale
997,2026-07-29,10:36:49,10,Wednesday,Breakfast,3.5,2.92,0.58,0.0,1,Point of Sale
998,2026-07-29,10:47:00,10,Wednesday,Breakfast,29.35,24.46,4.89,1.79,27,Point of Sale
999,2026-07-29,10:51:55,10,Wednesday,Breakfast,13.25,11.04,2.21,1.59,46,Point of Sale
1000,2026-07-29,11:00:26,11,Wednesday,Lunch,27.7,23.08,4.62,0.0,2,Point of Sale
1001,2026-07-29,11:05:49,11,Wednesday,Lunch,16.65,13.87,2.78,0.0,21,Point of Sale
1002,2026-07-29,11:21:31,11,Wednesday,Lunch,83.25,69.37,13.88,0.0,25,Point of Sale
1003,2026-07-29,11:25:07,11,Wednesday,Lunch,27.55,22.96,4.59,2.76,12,Point of Sale
1004,2026-07-29,11:29:30,11,Wednesday,Lunch,25.1,20.92,4.18,2.52,3,Point of Sale
1005,2026-07-29,11:38:19,11,Wednesday,Lunch,29.65,24.71,4.94,0.0,23,Point of Sale
1006,2026-07-29,11:39:19,11,Wednesday,Lunch,30.75,25.63,5.12,3.08,26,Point of Sale
1007,2026-07-29,11:48:21,11,Wednesday,Lunch,3.5,2.92,0.58,0.0,23,Point of Sale
1008,2026-07-29,11:52:54,11,Wednesday,Lunch,57.7,48.08,9.62,0.0,69,Point of Sale
1009,2026-07-29,11:57:37,11,Wednesday,Lunch,18.45,15.37,3.08,2.21,47,Point of Sale
1010,2026-07-29,11:59:22,11,Wednesday,Lunch,3.5,2.92,0.58,0.0,44,Point of Sale
1011,2026-07-29,12:05:19,12,Wednesday,Lunch,3.3,2.75,0.55,0.0,Takeaway1,Register
1012,2026-07-29,12:15:35,12,Wednesday,Lunch,6.0,5.0,1.0,0.0,12,Point of Sale
1013,2026-07-29,12:28:01,12,Wednesday,Lunch,10.15,8.46,1.69,1.02,26,Register
1014,2026-07-29,12:30:47,12,Wednesday,Lunch,20.75,17.29,3.46,0.0,44,Point of Sale
1015,2026-07-29,12:42:33,12,Wednesday,Lunch,15.8,13.17,2.63,0.0,11,Point of Sale
1016,2026-07-29,12:54:18,12,Wednesday,Lunch,12.0,10.0,2.0,0.0,26,Point of Sale
1017,2026-07-29,13:11:40,13,Wednesday,Lunch,18.5,15.42,3.08,1.85,12,Point of Sale
1018,2026-07-29,13:36:14,13,Wednesday,Lunch,84.3,70.25,14.05,0.0,28,Point of Sale
1019,2026-07-29,13:43:38,13,Wednesday,Lunch,25.75,21.46,4.29,1.41,8,Point of Sale
1020,2026-07-29,13:45:15,13,Wednesday,Lunch,41.7,34.75,6.95,4.17,46,Point of Sale
1021,2026-07-29,13:47:02,13,Wednesday,Lunch,30.8,25.67,5.13,3.08,23,Point of Sale
1022,2026-07-29,13:47:30,13,Wednesday,Lunch,75.9,63.25,12.65,7.59,2,Register
1023,2026-07-29,13:50:58,13,Wednesday,Lunch,103.2,86.0,17.2,10.32,27,Point of Sale
1024,2026-07-29,13:51:35,13,Wednesday,Lunch,178.8,149.0,29.8,21.46,20,Point of Sale
1025,2026-07-29,13:54:10,13,Wednesday,Lunch,11.0,9.17,1.83,0.0,22,Point of Sale
1026,2026-07-29,13:54:13,13,Wednesday,Lunch,43.45,36.21,7.24,4.78,4,Register
1027,2026-07-29,13:54:44,13,Wednesday,Lunch,65.2,54.33,10.87,6.52,6,Point of Sale
1028,2026-07-29,14:01:42,14,Wednesday,Lunch,58.25,48.54,9.71,0.0,7,Point of Sale
1029,2026-07-29,14:12:08,14,Wednesday,Lunch,41.0,34.17,6.83,4.92,26,Point of Sale
1030,2026-07-29,14:21:16,14,Wednesday,Lunch,31.45,26.21,5.24,3.14,43,Point of Sale
1031,2026-07-29,14:22:17,14,Wednesday,Lunch,21.8,18.17,3.63,2.18,1,Point of Sale
1032,2026-07-29,14:26:56,14,Wednesday,Lunch,3.9,3.25,0.65,0.0,9,Register
1033,2026-07-29,15:07:58,15,Wednesday,Afternoon,6.6,5.5,1.1,2.0,45,Point of Sale
1034,2026-07-29,15:11:11,15,Wednesday,Afternoon,50.11,41.76,8.35,0.0,24,Point of Sale
1035,2026-07-29,15:29:01,15,Wednesday,Afternoon,102.3,85.25,17.05,0.0,46,Point of Sale
1036,2026-07-29,15:29:28,15,Wednesday,Afternoon,30.45,25.37,5.08,0.0,26,Register
1037,2026-07-29,15:48:23,15,Wednesday,Afternoon,15.46,12.88,2.58,2.0,12 - 2,Point of Sale
1038,2026-07-29,15:48:48,15,Wednesday,Afternoon,15.44,12.87,2.57,2.0,12,Point of Sale
1039,2026-07-29,16:08:12,16,Wednesday,Afternoon,21.59,17.99,3.6,0.0,20 - 2,Point of Sale
1040,2026-07-29,16:09:05,16,Wednesday,Afternoon,21.56,17.97,3.59,0.0,20,Point of Sale
1041,2026-07-29,16:10:48,16,Wednesday,Afternoon,3.6,3.0,0.6,0.0,45,Register
1042,2026-07-29,16:32:10,16,Wednesday,Afternoon,9.4,7.83,1.57,0.0,Takeaway1,Register
1043,2026-07-29,16:33:31,16,Wednesday,Afternoon,3.2,2.67,0.53,0.0,Takeaway1,Register
1044,2026-07-29,17:59:03,17,Wednesday,Dinner,3.5,2.92,0.58,0.0,45,Point of Sale
1045,2026-07-29,18:23:16,18,Wednesday,Dinner,40.45,33.71,6.74,0.0,47,Register
1046,2026-07-29,18:33:32,18,Wednesday,Dinner,110.85,92.37,18.48,9.15,69,Point of Sale
1047,2026-07-29,18:39:34,18,Wednesday,Dinner,20.4,17.0,3.4,3.06,25,Point of Sale
1048,2026-07-29,18:43:12,18,Wednesday,Dinner,49.6,41.33,8.27,0.0,43,Register
1049,2026-07-29,18:43:48,18,Wednesday,Dinner,8.0,6.67,1.33,0.0,25,Register
1050,2026-07-29,19:06:31,19,Wednesday,Dinner,52.95,44.13,8.82,6.35,12,Point of Sale
1051,2026-07-29,19:33:33,19,Wednesday,Dinner,30.2,25.17,5.03,0.0,48,Point of Sale
1052,2026-07-29,19:54:01,19,Wednesday,Dinner,60.75,50.63,10.12,0.0,27,Point of Sale
1053,2026-07-29,20:04:21,20,Wednesday,Dinner,63.6,53.0,10.6,0.0,9,Point of Sale
1054,2026-07-29,20:05:24,20,Wednesday,Dinner,225.25,187.71,37.54,27.03,6,Point of Sale
1055,2026-07-29,20:12:43,20,Wednesday,Dinner,77.65,64.71,12.94,9.32,28,Point of Sale
1056,2026-07-29,20:15:34,20,Wednesday,Dinner,35.3,29.42,5.88,0.0,11,Point of Sale
1057,2026-07-29,20:25:00,20,Wednesday,Dinner,33.85,28.21,5.64,0.0,48 - 2,Register
1058,2026-07-29,20:25:14,20,Wednesday,Dinner,20.4,17.0,3.4,0.0,48,Point of Sale
1059,2026-07-29,20:44:59,20,Wednesday,Dinner,151.95,126.63,25.32,16.05,20,Point of Sale
1060,2026-07-29,20:46:56,20,Wednesday,Dinner,72.9,60.75,12.15,0.0,25,Point of Sale
1061,2026-07-29,20:54:08,20,Wednesday,Dinner,120.95,100.79,20.16,12.1,7,Point of Sale
1062,2026-07-29,21:11:43,21,Wednesday,Dinner,19.95,16.63,3.32,0.0,45,Register
1063,2026-07-29,21:13:34,21,Wednesday,Dinner,72.75,60.63,12.12,0.0,43,Point of Sale
1064,2026-07-29,21:14:49,21,Wednesday,Dinner,55.85,46.54,9.31,5.58,41,Point of Sale
1065,2026-07-29,21:20:30,21,Wednesday,Dinner,66.45,55.37,11.08,8.55,47,Point of Sale
1066,2026-07-29,21:23:34,21,Wednesday,Dinner,59.45,49.54,9.91,0.0,23,Point of Sale
1067,2026-07-29,21:33:11,21,Wednesday,Dinner,5.8,4.83,0.97,1.2,6,Point of Sale
1068,2026-07-29,21:38:41,21,Wednesday,Dinner,32.45,27.04,5.41,0.0,69,Point of Sale
1069,2026-07-29,21:41:29,21,Wednesday,Dinner,10.7,8.92,1.78,0.0,48,Point of Sale
1070,2026-07-29,21:49:28,21,Wednesday,Dinner,48.3,40.25,8.05,5.7,8,Point of Sale
1071,2026-07-29,22:00:55,22,Wednesday,Dinner,56.9,47.42,9.48,5.68,26,Point of Sale
1072,2026-07-29,22:04:48,22,Wednesday,Dinner,29.55,24.63,4.92,2.96,42,Point of Sale
1073,2026-07-30,08:33:08,8,Thursday,Breakfast,3.7,3.08,0.62,0.0,43,Point of Sale
1074,2026-07-30,08:56:45,8,Thursday,Breakfast,6.9,5.75,1.15,0.0,46,Point of Sale
1075,2026-07-30,09:04:14,9,Thursday,Breakfast,2.9,2.42,0.48,0.0,47,Point of Sale
1076,2026-07-30,09:10:16,9,Thursday,Breakfast,3.6,3.0,0.6,0.0,44,Register
1077,2026-07-30,09:26:12,9,Thursday,Breakfast,7.6,6.33,1.27,0.0,Takeaway1,Register
1078,2026-07-30,09:45:10,9,Thursday,Breakfast,4.6,3.83,0.77,0.0,47,Register
1079,2026-07-30,09:51:07,9,Thursday,Breakfast,23.9,19.92,3.98,2.39,43,Point of Sale
1080,2026-07-30,09:54:29,9,Thursday,Breakfast,3.5,2.92,0.58,0.0,46,Point of Sale
1081,2026-07-30,10:09:18,10,Thursday,Breakfast,3.5,2.92,0.58,0.5,45,Point of Sale
1082,2026-07-30,10:17:58,10,Thursday,Breakfast,6.6,5.5,1.1,0.5,46,Point of Sale
1083,2026-07-30,10:22:03,10,Thursday,Breakfast,3.5,2.92,0.58,0.0,43,Register
1084,2026-07-30,10:24:25,10,Thursday,Breakfast,20.9,17.42,3.48,2.09,9,Point of Sale
1085,2026-07-30,10:38:22,10,Thursday,Breakfast,18.6,15.5,3.1,1.86,2,Point of Sale
1086,2026-07-30,10:59:11,10,Thursday,Breakfast,59.15,49.29,9.86,0.0,26,Point of Sale
1087,2026-07-30,11:17:30,11,Thursday,Lunch,3.95,3.29,0.66,0.0,Takeaway1,Register
1088,2026-07-30,11:20:29,11,Thursday,Lunch,7.2,6.0,1.2,0.0,45,Point of Sale
1089,2026-07-30,11:32:23,11,Thursday,Lunch,28.55,23.79,4.76,1.45,48,Point of Sale
1090,2026-07-30,11:50:21,11,Thursday,Lunch,3.3,2.75,0.55,0.0,20,Point of Sale
1091,2026-07-30,11:55:45,11,Thursday,Lunch,69.2,57.67,11.53,0.0,69,Point of Sale
1092,2026-07-30,11:58:46,11,Thursday,Lunch,34.2,28.5,5.7,3.42,2,Point of Sale
1093,2026-07-30,12:09:08,12,Thursday,Lunch,9.1,7.58,1.52,1.0,45,Point of Sale
1094,2026-07-30,12:11:38,12,Thursday,Lunch,13.6,11.33,2.27,1.36,26,Point of Sale
1095,2026-07-30,12:26:33,12,Thursday,Lunch,30.0,25.0,5.0,3.0,4,Point of Sale
1096,2026-07-30,12:33:05,12,Thursday,Lunch,31.45,26.21,5.24,0.0,25,Point of Sale
1097,2026-07-30,12:36:38,12,Thursday,Lunch,24.5,20.42,4.08,0.0,46,Register
1098,2026-07-30,12:53:51,12,Thursday,Lunch,3.9,3.25,0.65,0.0,7,Register
1099,2026-07-30,12:55:35,12,Thursday,Lunch,13.55,11.29,2.26,1.36,6,Point of Sale
1100,2026-07-30,12:58:58,12,Thursday,Lunch,27.9,23.25,4.65,0.0,22,Point of Sale
1101,2026-07-30,13:04:04,13,Thursday,Lunch,3.5,2.92,0.58,0.0,46,Register
1102,2026-07-30,13:05:20,13,Thursday,Lunch,60.9,50.75,10.15,0.0,28,Point of Sale
1103,2026-07-30,13:06:58,13,Thursday,Lunch,29.8,24.83,4.97,2.98,23,Point of Sale
1104,2026-07-30,13:24:17,13,Thursday,Lunch,11.9,9.92,1.98,0.0,8,Point of Sale
1105,2026-07-30,13:44:01,13,Thursday,Lunch,6.4,5.33,1.07,0.0,42,Point of Sale
1106,2026-07-30,13:47:39,13,Thursday,Lunch,42.9,35.75,7.15,4.29,48,Point of Sale
1107,2026-07-30,13:49:06,13,Thursday,Lunch,18.1,15.08,3.02,1.81,47,Point of Sale
1108,2026-07-30,13:51:31,13,Thursday,Lunch,45.9,38.25,7.65,4.1,9,Register
1109,2026-07-30,13:54:20,13,Thursday,Lunch,46.35,38.63,7.72,5.56,69,Point of Sale
1110,2026-07-30,14:00:53,14,Thursday,Lunch,42.35,35.29,7.06,0.0,22,Point of Sale
1111,2026-07-30,14:01:48,14,Thursday,Lunch,43.25,36.04,7.21,4.75,45,Point of Sale
1112,2026-07-30,14:03:24,14,Thursday,Lunch,37.95,31.63,6.32,3.8,26,Register
1113,2026-07-30,14:08:17,14,Thursday,Lunch,41.45,34.54,6.91,6.22,7,Point of Sale
1114,2026-07-30,14:13:35,14,Thursday,Lunch,35.45,29.54,5.91,0.0,12,Register
1115,2026-07-30,14:19:50,14,Thursday,Lunch,11.3,9.42,1.88,0.0,22,Register
1116,2026-07-30,14:22:28,14,Thursday,Lunch,43.15,35.96,7.19,4.85,27,Point of Sale
1117,2026-07-30,14:27:56,14,Thursday,Lunch,43.95,36.63,7.32,4.05,25,Point of Sale
1118,2026-07-30,14:39:43,14,Thursday,Lunch,30.8,25.67,5.13,3.08,2,Point of Sale
1119,2026-07-30,14:47:43,14,Thursday,Lunch,50.3,41.92,8.38,5.03,6,Point of Sale
1120,2026-07-30,14:49:16,14,Thursday,Lunch,36.4,30.33,6.07,5.6,11,Point of Sale
1121,2026-07-30,14:58:06,14,Thursday,Lunch,33.1,27.58,5.52,4.96,46,Point of Sale
1122,2026-07-30,14:59:48,14,Thursday,Lunch,10.2,8.5,1.7,0.0,28,Register
1123,2026-07-30,15:06:57,15,Thursday,Afternoon,46.0,38.33,7.67,4.0,20,Point of Sale
1124,2026-07-30,15:19:33,15,Thursday,Afternoon,16.05,13.37,2.68,2.41,4,Point of Sale
1125,2026-07-30,15:22:37,15,Thursday,Afternoon,19.8,16.5,3.3,3.2,43 - 2,Point of Sale
1126,2026-07-30,15:25:01,15,Thursday,Afternoon,12.32,10.27,2.05,0.0,Takeaway1,Register
1127,2026-07-30,15:26:24,15,Thursday,Afternoon,3.5,2.92,0.58,0.0,Takeaway1,Register
1128,2026-07-30,15:39:50,15,Thursday,Afternoon,24.8,20.67,4.13,0.0,26,Point of Sale
1129,2026-07-30,15:41:19,15,Thursday,Afternoon,9.8,8.17,1.63,0.0,26,Register
1130,2026-07-30,15:46:08,15,Thursday,Afternoon,7.4,6.17,1.23,0.0,48,Point of Sale
1131,2026-07-30,15:53:08,15,Thursday,Afternoon,9.9,8.25,1.65,0.0,Takeaway1,Point of Sale
1132,2026-07-30,16:06:59,16,Thursday,Afternoon,35.95,29.96,5.99,0.0,41,Register
1133,2026-07-30,16:39:14,16,Thursday,Afternoon,32.5,27.08,5.42,0.0,46,Point of Sale
1134,2026-07-30,16:39:46,16,Thursday,Afternoon,3.6,3.0,0.6,0.0,28,Register
1135,2026-07-30,16:53:22,16,Thursday,Afternoon,25.4,21.17,4.23,0.0,6,Point of Sale
1136,2026-07-30,16:58:18,16,Thursday,Afternoon,7.4,6.17,1.23,0.0,25,Register
1137,2026-07-30,16:58:38,16,Thursday,Afternoon,7.4,6.17,1.23,0.0,20,Register
1138,2026-07-30,17:02:06,17,Thursday,Dinner,2.73,2.27,0.46,0.0,20,Register
1139,2026-07-30,17:23:08,17,Thursday,Dinner,2.7,2.25,0.45,0.0,41,Register
1140,2026-07-30,17:50:55,17,Thursday,Dinner,7.0,5.83,1.17,0.0,47,Point of Sale
1141,2026-07-30,18:08:20,18,Thursday,Dinner,28.4,23.67,4.73,0.0,44,Point of Sale
1142,2026-07-30,18:14:14,18,Thursday,Dinner,14.6,12.17,2.43,0.0,48,Register
1143,2026-07-30,18:25:16,18,Thursday,Dinner,19.0,15.83,3.17,0.0,46,Point of Sale
1144,2026-07-30,18:40:39,18,Thursday,Dinner,3.5,2.92,0.58,0.0,3,Register
1145,2026-07-30,18:47:55,18,Thursday,Dinner,73.8,61.5,12.3,7.38,2,Point of Sale
1146,2026-07-30,19:01:35,19,Thursday,Dinner,16.95,14.13,2.82,0.0,Takeaway1,Register
1147,2026-07-30,19:02:00,19,Thursday,Dinner,4.1,3.42,0.68,0.0,45,Register
1148,2026-07-30,19:05:10,19,Thursday,Dinner,3.5,2.92,0.58,0.0,41,Point of Sale
1149,2026-07-30,19:12:09,19,Thursday,Dinner,46.65,38.87,7.78,0.0,42,Point of Sale
1150,2026-07-30,19:13:25,19,Thursday,Dinner,7.6,6.33,1.27,0.0,47,Register
1151,2026-07-30,19:38:19,19,Thursday,Dinner,93.7,78.08,15.62,9.37,48,Point of Sale
1152,2026-07-30,19:46:33,19,Thursday,Dinner,103.75,86.46,17.29,1.25,2,Register
1153,2026-07-30,19:56:37,19,Thursday,Dinner,46.9,40.83,6.07,5.63,45,Point of Sale
1154,2026-07-30,20:00:22,20,Thursday,Dinner,54.8,45.67,9.13,6.2,22,Point of Sale
1155,2026-07-30,20:36:35,20,Thursday,Dinner,18.05,15.04,3.01,0.0,45,Point of Sale
1156,2026-07-30,20:37:24,20,Thursday,Dinner,30.65,25.54,5.11,0.0,48,Point of Sale
1157,2026-07-30,20:50:11,20,Thursday,Dinner,93.8,78.17,15.63,8.2,26,Point of Sale
1158,2026-07-30,21:08:50,21,Thursday,Dinner,101.55,84.63,16.92,11.17,46,Point of Sale
1159,2026-07-30,21:10:55,21,Thursday,Dinner,44.45,37.04,7.41,0.0,12,Point of Sale
1160,2026-07-30,21:15:10,21,Thursday,Dinner,251.55,209.63,41.92,23.45,6,Point of Sale
1161,2026-07-30,21:23:51,21,Thursday,Dinner,92.6,77.17,15.43,11.4,20,Point of Sale
1162,2026-07-30,21:25:23,21,Thursday,Dinner,85.25,71.04,14.21,4.75,25,Point of Sale
1163,2026-07-30,21:27:49,21,Thursday,Dinner,3.5,2.92,0.58,0.0,Takeaway1,Register
1164,2026-07-30,21:28:08,21,Thursday,Dinner,3.5,2.92,0.58,0.0,Takeaway1,Register
1165,2026-07-30,21:29:50,21,Thursday,Dinner,32.0,26.67,5.33,0.0,41,Point of Sale
1166,2026-07-30,21:33:20,21,Thursday,Dinner,139.35,116.13,23.22,0.0,10,Point of Sale
1167,2026-07-30,21:50:57,21,Thursday,Dinner,73.4,61.17,12.23,8.81,42,Point of Sale
1168,2026-07-30,21:59:44,21,Thursday,Dinner,15.0,12.5,2.5,0.0,48,Register
1169,2026-07-30,22:02:07,22,Thursday,Dinner,18.1,15.08,3.02,0.0,43,Point of Sale
1170,2026-07-30,22:07:25,22,Thursday,Dinner,19.95,16.63,3.32,0.0,47,Point of Sale
1171,2026-07-30,22:09:55,22,Thursday,Dinner,7.95,6.63,1.32,0.0,26,Point of Sale
1172,2026-07-30,22:12:17,22,Thursday,Dinner,97.1,80.92,16.18,10.9,2,Point of Sale
1173,2026-07-31,08:38:53,8,Friday,Breakfast,2.98,2.48,0.5,0.0,43,Point of Sale
1174,2026-07-31,09:00:47,9,Friday,Breakfast,3.8,3.17,0.63,0.0,Takeaway1,Register
1175,2026-07-31,09:14:16,9,Friday,Breakfast,2.9,2.42,0.48,0.0,Takeaway3,Point of Sale
1176,2026-07-31,09:22:56,9,Friday,Breakfast,6.9,5.75,1.15,0.0,48,Point of Sale
1177,2026-07-31,09:32:05,9,Friday,Breakfast,28.5,23.75,4.75,2.85,43,Point of Sale
1178,2026-07-31,09:35:11,9,Friday,Breakfast,44.45,37.04,7.41,0.0,41,Point of Sale
1179,2026-07-31,10:02:05,10,Friday,Breakfast,21.8,18.17,3.63,0.0,45,Point of Sale
1180,2026-07-31,10:29:16,10,Friday,Breakfast,4.9,4.08,0.82,0.0,20,Register
1181,2026-07-31,10:35:02,10,Friday,Breakfast,16.35,13.63,2.72,1.64,4,Point of Sale
1182,2026-07-31,10:39:15,10,Friday,Breakfast,33.35,27.79,5.56,0.0,47,Point of Sale
1183,2026-07-31,10:42:39,10,Friday,Breakfast,69.3,57.75,11.55,6.93,25,Point of Sale
1184,2026-07-31,10:50:46,10,Friday,Breakfast,15.55,12.96,2.59,0.0,43,Point of Sale
1185,2026-07-31,10:50:59,10,Friday,Breakfast,7.2,6.0,1.2,0.0,48,Point of Sale
1186,2026-07-31,11:04:49,11,Friday,Lunch,52.1,43.42,8.68,0.0,46,Point of Sale
1187,2026-07-31,11:11:04,11,Friday,Lunch,20.75,17.29,3.46,0.0,45,Point of Sale
1188,2026-07-31,11:14:05,11,Friday,Lunch,2.7,2.25,0.45,0.0,41,Register
1189,2026-07-31,11:24:35,11,Friday,Lunch,18.8,15.67,3.13,0.0,9,Point of Sale
1190,2026-07-31,11:41:05,11,Friday,Lunch,9.3,7.75,1.55,0.0,41,Register
1191,2026-07-31,11:41:36,11,Friday,Lunch,3.5,2.92,0.58,0.0,48,Point of Sale
1192,2026-07-31,11:41:43,11,Friday,Lunch,17.75,14.79,2.96,0.0,22,Point of Sale
1193,2026-07-31,11:58:04,11,Friday,Lunch,3.5,2.92,0.58,0.0,42,Register
1194,2026-07-31,12:00:46,12,Friday,Lunch,30.65,25.54,5.11,0.0,44,Point of Sale
1195,2026-07-31,12:03:37,12,Friday,Lunch,3.5,2.92,0.58,0.0,Takeaway1,Register
1196,2026-07-31,12:12:54,12,Friday,Lunch,30.15,25.13,5.02,3.85,46,Point of Sale
1197,2026-07-31,12:13:36,12,Friday,Lunch,17.75,14.79,2.96,0.0,41,Point of Sale
1198,2026-07-31,12:18:59,12,Friday,Lunch,96.8,80.67,16.13,0.0,28,Register
1199,2026-07-31,12:39:59,12,Friday,Lunch,30.45,25.37,5.08,4.55,12,Point of Sale
1200,2026-07-31,12:54:56,12,Friday,Lunch,52.5,43.75,8.75,0.0,45,Point of Sale
1201,2026-07-31,12:57:37,12,Friday,Lunch,19.2,16.0,3.2,0.0,43,Point of Sale
1202,2026-07-31,13:01:35,13,Friday,Lunch,78.85,65.71,13.14,0.0,Takeaway1,Point of Sale
1203,2026-07-31,13:04:40,13,Friday,Lunch,59.7,49.75,9.95,0.0,27,Point of Sale
1204,2026-07-31,13:07:31,13,Friday,Lunch,3.5,2.92,0.58,0.0,Takeaway1,Register
1205,2026-07-31,13:09:02,13,Friday,Lunch,38.2,31.83,6.37,0.0,7,Register
1206,2026-07-31,13:21:07,13,Friday,Lunch,78.7,65.58,13.12,7.87,6,Register
1207,2026-07-31,13:29:47,13,Friday,Lunch,50.75,42.29,8.46,0.0,25,Point of Sale
1208,2026-07-31,13:35:45,13,Friday,Lunch,46.85,39.04,7.81,7.03,11,Point of Sale
1209,2026-07-31,13:44:35,13,Friday,Lunch,44.3,36.92,7.38,3.7,28,Point of Sale
1210,2026-07-31,13:46:00,13,Friday,Lunch,99.25,82.71,16.54,10.75,12,Register
1211,2026-07-31,13:47:11,13,Friday,Lunch,3.5,2.92,0.58,0.0,1,Point of Sale
1212,2026-07-31,13:47:39,13,Friday,Lunch,30.4,25.33,5.07,0.0,45,Point of Sale
1213,2026-07-31,13:49:54,13,Friday,Lunch,15.75,13.13,2.62,0.0,8,Point of Sale
1214,2026-07-31,13:51:07,13,Friday,Lunch,59.0,49.17,9.83,5.9,26,Point of Sale
1215,2026-07-31,13:55:34,13,Friday,Lunch,38.8,32.33,6.47,3.88,27,Point of Sale
1216,2026-07-31,14:16:44,14,Friday,Lunch,14.1,11.75,2.35,0.0,44,Point of Sale
1217,2026-07-31,14:20:17,14,Friday,Lunch,12.0,10.0,2.0,0.0,43,Register
1218,2026-07-31,14:24:14,14,Friday,Lunch,85.9,71.58,14.32,8.59,6,Point of Sale
1219,2026-07-31,14:24:54,14,Friday,Lunch,67.8,56.5,11.3,6.78,7,Point of Sale
1220,2026-07-31,14:25:33,14,Friday,Lunch,23.55,19.63,3.92,3.45,23,Point of Sale
1221,2026-07-31,14:26:31,14,Friday,Lunch,35.35,29.46,5.89,3.54,3,Point of Sale
1222,2026-07-31,14:32:47,14,Friday,Lunch,150.95,125.79,25.16,0.0,20,Point of Sale
1223,2026-07-31,15:18:04,15,Friday,Afternoon,24.8,20.67,4.13,0.0,26,Point of Sale
1224,2026-07-31,15:22:09,15,Friday,Afternoon,11.9,9.92,1.98,0.0,Takeaway1,Register
1225,2026-07-31,15:27:37,15,Friday,Afternoon,29.9,24.92,4.98,0.0,3,Point of Sale
1226,2026-07-31,15:28:43,15,Friday,Afternoon,48.0,40.0,8.0,0.0,42,Point of Sale
1227,2026-07-31,15:57:28,15,Friday,Afternoon,7.5,6.25,1.25,2.0,1,Point of Sale
1228,2026-07-31,16:00:24,16,Friday,Afternoon,7.5,6.25,1.25,0.0,26,Register
1229,2026-07-31,16:21:54,16,Friday,Afternoon,7.5,6.25,1.25,0.0,26,Register
1230,2026-07-31,16:33:29,16,Friday,Afternoon,74.9,62.42,12.48,0.0,45,Register
1231,2026-07-31,16:41:13,16,Friday,Afternoon,91.15,75.96,15.19,9.12,46,Register
1232,2026-07-31,16:43:07,16,Friday,Afternoon,70.1,58.42,11.68,8.41,20,Point of Sale
1233,2026-07-31,17:01:01,17,Friday,Dinner,3.6,3.0,0.6,0.0,41,Register
1234,2026-07-31,17:09:20,17,Friday,Dinner,18.0,15.0,3.0,0.0,Takeaway1,Register
1235,2026-07-31,17:10:27,17,Friday,Dinner,4.5,3.75,0.75,0.0,Takeaway1,Register
1236,2026-07-31,17:12:32,17,Friday,Dinner,16.95,14.13,2.82,0.0,Takeaway1,Register
1237,2026-07-31,17:53:54,17,Friday,Dinner,4.95,4.13,0.82,0.0,1,Register
1238,2026-07-31,18:07:11,18,Friday,Dinner,3.1,2.58,0.52,0.0,41,Register
1239,2026-07-31,18:15:59,18,Friday,Dinner,13.94,11.62,2.32,0.0,Takeaway1,Register
1240,2026-07-31,18:18:03,18,Friday,Dinner,3.5,2.92,0.58,0.0,Takeaway1,Register
1241,2026-07-31,18:39:49,18,Friday,Dinner,3.5,2.92,0.58,0.0,42,Register
1242,2026-07-31,19:26:25,19,Friday,Dinner,33.3,27.75,5.55,1.7,48,Point of Sale
1243,2026-07-31,19:39:02,19,Friday,Dinner,34.45,28.71,5.74,0.0,46,Register
1244,2026-07-31,19:58:14,19,Friday,Dinner,10.0,8.33,1.67,1.0,42,Point of Sale
1245,2026-07-31,19:58:51,19,Friday,Dinner,60.9,50.75,10.15,7.31,20,Point of Sale
1246,2026-07-31,20:01:14,20,Friday,Dinner,77.75,64.79,12.96,12.25,25,Point of Sale
1247,2026-07-31,20:11:06,20,Friday,Dinner,75.3,62.75,12.55,7.53,26,Point of Sale
1248,2026-07-31,20:31:07,20,Friday,Dinner,51.35,42.79,8.56,6.16,2,Point of Sale
1249,2026-07-31,20:32:02,20,Friday,Dinner,84.05,70.04,14.01,0.0,46,Point of Sale
1250,2026-07-31,20:36:42,20,Friday,Dinner,109.95,91.63,18.32,0.0,6,Point of Sale
1251,2026-07-31,20:48:57,20,Friday,Dinner,33.9,28.25,5.65,3.39,11,Point of Sale
1252,2026-07-31,20:53:29,20,Friday,Dinner,8.2,6.83,1.37,0.0,41,Register
1253,2026-07-31,21:16:22,21,Friday,Dinner,156.0,130.0,26.0,0.0,43,Point of Sale
1254,2026-07-31,21:24:36,21,Friday,Dinner,96.9,80.75,16.15,0.0,12,Point of Sale
1255,2026-07-31,21:31:59,21,Friday,Dinner,205.05,170.87,34.18,6.84,25,Point of Sale
1256,2026-07-31,22:14:20,22,Friday,Dinner,72.85,60.71,12.14,7.28,48,Point of Sale
