item_name,variation,raw_category,category_group,units_sold,revenue,net_sales,gross_sales,avg_unit_price,est_cost_pct,est_margin
Blueberry Muffin,Regular,Uncategorised,Food,1.0,2.92,2.92,3.5,2.92,0.3,2.044
Plain Croissant,Regular,Uncategorised,Food,3.0,7.5,7.5,9.0,2.5,0.3,1.75
Aperol Spritz,Regular,Aperitifs,Drink,13.0,102.93,102.93,123.5,7.917692307692308,0.22,6.175800000000001
Peach Bellini,Regular,Aperitifs,Drink,4.0,30.0,30.0,36.0,7.5,0.22,5.8500000000000005
Pimms Spritz,Regular,Aperitifs,Drink,1.0,7.92,7.92,9.5,7.92,0.22,6.1776
Prosecco Royal,Regular,Aperitifs,Drink,1.0,7.5,7.5,9.0,7.5,0.22,5.8500000000000005
Kopparberg Strawberry & Lime Cider,Regular,Beers & Ciders,Drink,4.0,21.68,21.68,26.0,5.42,0.22,4.2276
Peroni,33cl,Beers & Ciders,Drink,22.0,109.78,105.76,126.88,4.99,0.22,3.8922000000000003
Peroni 0%,Regular,Beers & Ciders,Drink,6.0,26.26,26.26,31.5,4.376666666666667,0.22,3.4138
Peroni Draft,1/2 Pint,Beers & Ciders,Drink,30.0,123.69,123.69,148.5,4.123,0.22,3.2159400000000002
Peroni Draft,Pint,Beers & Ciders,Drink,170.0,1064.2,1054.08,1264.88,6.260000000000001,0.22,4.8828000000000005
Avocado,Sliced,Breakfast Extra,Food,2.0,6.67,6.67,8.0,3.335,0.3,2.3345
Bacon,Bacon,Breakfast Extra,Food,2.0,4.16,4.16,5.0,2.08,0.3,1.456
Bacon,Turkey,Breakfast Extra,Food,1.0,2.08,2.08,2.5,2.08,0.3,1.456
Egg,Regular,Breakfast Extra,Food,7.0,11.67,11.67,14.0,1.667142857142857,0.3,1.1669999999999998
Feta,Regular,Breakfast Extra,Food,13.0,21.66,21.66,26.0,1.666153846153846,0.3,1.1663076923076923
Halloumi,Regular,Breakfast Extra,Food,6.0,12.48,12.48,15.0,2.08,0.3,1.456
Hashbrowm,Regular,Breakfast Extra,Food,1.0,2.08,2.08,2.5,2.08,0.3,1.456
Jam,Regular,Breakfast Extra,Food,12.0,8.03,8.03,9.6,0.6691666666666666,0.3,0.4684166666666666
Mushrooms,Regular,Breakfast Extra,Food,1.0,1.67,1.67,2.0,1.67,0.3,1.1689999999999998
Prosciutto Ham,Regular,Breakfast Extra,Food,4.0,10.0,10.0,12.0,2.5,0.3,1.75
Red Onion,Regular,Breakfast Extra,Food,1.0,1.25,1.25,1.5,1.25,0.3,0.875
Sausage,Beef,Breakfast Extra,Food,5.0,8.34,8.34,10.0,1.668,0.3,1.1676
Sausage,Pork,Breakfast Extra,Food,3.0,5.01,5.01,6.0,1.67,0.3,1.1689999999999998
Small Fruit Bowl,Regular,Breakfast Extra,Food,1.0,3.33,3.33,4.0,3.33,0.3,2.331
Smoked Salmon,Regular,Breakfast Extra,Food,1.0,4.17,4.17,5.0,4.17,0.3,2.9189999999999996
Toast,Regular,Breakfast Extra,Food,7.0,11.68,10.01,12.0,1.6685714285714286,0.3,1.168
Almond Croissant,Regular,Breakfast Menu,Food,13.0,34.7,34.7,41.6,2.6692307692307695,0.3,1.8684615384615386
Blueberry Muffin,Regular,Breakfast Menu,Food,4.0,11.67,11.67,14.0,2.9175,0.3,2.0422499999999997
Chocolate Croissant,Regular,Breakfast Menu,Food,9.0,24.02,24.02,28.8,2.6688888888888886,0.3,1.868222222222222
Chocolate Muffin,Regular,Breakfast Menu,Food,1.0,3.01,2.48,2.97,3.01,0.3,2.1069999999999998
Plain Croissant,Regular,Breakfast Menu,Food,17.0,42.58,42.13,50.55,2.504705882352941,0.3,1.7532941176470584
Brioche French Toast,Regular,Breakfast Sweets,Food,8.0,98.4,98.4,118.1,12.3,0.3,8.61
Fruit Porridge,Regular,Breakfast Sweets,Food,15.0,118.75,118.75,142.5,7.916666666666667,0.3,5.541666666666667
Pancakes,Regular,Breakfast Sweets,Food,18.0,209.24,209.24,251.1,11.624444444444444,0.3,8.13711111111111
Plain Porridge,Regular,Breakfast Sweets,Food,1.0,6.25,6.25,7.5,6.25,0.3,4.375
Super Berry Granola,Regular,Breakfast Sweets,Food,37.0,323.74,306.24,367.5,8.74972972972973,0.3,6.124810810810811
Angus,Regular,Burford Browns Eggs,Food,3.0,41.66,41.66,50.0,13.886666666666665,0.3,9.720666666666665
Benedict,Regular,Burford Browns Eggs,Food,11.0,118.69,118.69,142.45,10.79,0.3,7.552999999999999
Eggs on Toast,Regular,Burford Browns Eggs,Food,194.0,1867.08,1865.29,2238.31,9.624123711340205,0.3,6.736886597938144
Florentine,Regular,Burford Browns Eggs,Food,15.0,159.56,159.56,191.5,10.637333333333334,0.3,7.446133333333333
Funghi (Breakfast),Regular,Burford Browns Eggs,Food,17.0,184.17,184.17,221.0,10.833529411764705,0.3,7.583470588235293
Royal,Regular,Burford Browns Eggs,Food,25.0,323.58,323.58,388.25,12.9432,0.3,9.060239999999999
Smashed Avocado,Regular,Burford Browns Eggs,Food,78.0,897.13,891.9,1070.37,11.501666666666667,0.3,8.051166666666667
Yoghurt Eggs,Regular,Burford Browns Eggs,Food,12.0,135.02,124.6,149.5,11.251666666666667,0.3,7.876166666666666
Prosecco DOC,125ml,Champagne / Sparkling,Drink,5.0,35.41,35.41,42.5,7.081999999999999,0.22,5.52396
Prosecco DOC,Bottle,Champagne / Sparkling,Drink,1.0,26.67,26.67,32.0,26.67,0.22,20.8026
Cherry Margarita,Regular,Cocktails,Drink,4.0,38.33,38.33,46.0,9.5825,0.22,7.47435
Espresso Martini,Regular,Cocktails,Drink,5.0,45.83,45.83,55.0,9.166,0.22,7.1494800000000005
Mojito,Regular,Cocktails,Drink,1.0,9.96,9.96,11.95,9.96,0.22,7.768800000000001
Pornstar Martini,Regular,Cocktails,Drink,4.0,38.32,38.32,46.0,9.58,0.22,7.4724
Rosa Negroni,Regular,Cocktails,Drink,1.0,9.17,9.17,11.0,9.17,0.22,7.1526000000000005
Rum della Vanillia,Regular,Cocktails,Drink,9.0,86.24,86.24,103.5,9.58222222222222,0.22,7.474133333333333
Whiskey / Amaretto Sour,Amaretto,Cocktails,Drink,2.0,19.17,19.17,23.0,9.585,0.22,7.476300000000001
Whiskey / Amaretto Sour,Regular,Cocktails,Drink,2.0,19.17,19.17,23.0,9.585,0.22,7.476300000000001
Classic Omelette,Fries,Signature Breakfast,Food,3.0,28.62,28.62,34.35,9.540000000000001,0.3,6.678
Classic Omelette,Salad,Signature Breakfast,Food,57.0,606.78,606.78,728.15,10.645263157894737,0.3,7.451684210526316
Classic Omelette,Toast,Signature Breakfast,Food,29.0,315.91,305.12,366.1,10.89344827586207,0.3,7.625413793103449
Signature,Regular,Signature Breakfast,Food,40.0,520.84,520.84,625.0,13.021,0.3,9.1147
En Bonne Santé,Regular,Signature Breakfast,Food,25.0,296.44,296.44,355.75,11.8576,0.3,8.30032
Shakshuka,Regular,Signature Breakfast,Food,28.0,330.48,330.48,396.6,11.802857142857144,0.3,8.262
The Mediterranean,Regular,Signature Breakfast,Food,24.0,336.08,319.58,383.5,14.003333333333332,0.3,9.802333333333332
The Végétarienne,Regular,Signature Breakfast,Food,20.0,236.24,219.58,263.5,11.812000000000001,0.3,8.2684
Affogato,Regular,Desserts,Dessert,3.0,14.87,14.87,17.85,4.956666666666666,0.24,3.767066666666666
Apple Crumble,Regular,Desserts,Dessert,34.0,225.39,224.19,269.1,6.629117647058823,0.24,5.0381294117647055
Cheesecake,Regular,Desserts,Dessert,14.0,84.58,84.58,101.5,6.041428571428571,0.24,4.591485714285714
Chocolate Fudge Cake,Regular,Desserts,Dessert,19.0,127.01,120.25,144.29,6.684736842105264,0.24,5.080400000000001
Crème Brûlée,Regular,Desserts,Dessert,24.0,145.14,144.05,172.91,6.047499999999999,0.24,4.5961
Sticky Toffee Pudding,Regular,Desserts,Dessert,12.0,75.18,74.06,88.88,6.265000000000001,0.24,4.7614
Tiramisu,Regular,Desserts,Dessert,19.0,114.76,114.76,137.75,6.04,0.24,4.5904
Gelato & Sorbet (1scoop),Regular,Gelato & Sorbet,Dessert,15.0,43.85,43.32,51.97,2.9233333333333333,0.24,2.2217333333333333
Gelato & Sorbet (2scoops),Regular,Gelato & Sorbet,Dessert,29.0,143.8,143.8,172.55,4.958620689655173,0.24,3.7685517241379314
Beefeater Strawberry,50ml,Gin & Tonic,Drink,1.0,7.92,7.92,9.5,7.92,0.22,6.1776
Gordons Gin,50ml,Gin & Tonic,Drink,3.0,23.76,23.76,28.5,7.920000000000001,0.22,6.177600000000001
Gordons Lemon/Orange,Regular,Gin & Tonic,Drink,1.0,9.13,9.13,10.95,9.13,0.22,7.121400000000001
Gordons Passionfruit,Regular,Gin & Tonic,Drink,2.0,18.24,18.24,21.9,9.12,0.22,7.1136
Gordons Strawberry,Regular,Gin & Tonic,Drink,3.0,27.37,27.37,32.85,9.123333333333333,0.22,7.1162
Apple & Elderflower Cooler,Regular,Hand-Crafted,Drink,18.0,82.46,82.46,99.0,4.5811111111111105,0.22,3.573266666666666
Citrus Cooler,Regular,Hand-Crafted,Drink,15.0,69.17,66.42,79.75,4.6113333333333335,0.22,3.5968400000000003
Iced Tea - Lemon or Peach,Peach,Hand-Crafted,Drink,8.0,30.22,28.87,34.65,3.7775,0.22,2.94645
Iced Tea - Lemon or Peach,Regular,Hand-Crafted,Drink,4.0,15.0,15.0,18.0,3.75,0.22,2.9250000000000003
Morello Cherry Cooler,Regular,Hand-Crafted,Drink,6.0,27.5,27.5,33.0,4.583333333333333,0.22,3.5749999999999997
Sicilian Cloudy Lemonade,Regular,Hand-Crafted,Drink,16.0,60.0,60.0,72.0,3.75,0.22,2.9250000000000003
Wild Strawberry Lemonade,Regular,Hand-Crafted,Drink,19.0,71.25,71.25,85.5,3.75,0.22,2.9250000000000003
Americano,Large,Hot Drinks,Drink,10.0,31.07,31.07,37.3,3.107,0.22,2.4234600000000004
Americano,Regular,Hot Drinks,Drink,211.0,593.52,588.02,705.6,2.8128909952606636,0.22,2.1940549763033177
Cappuccino,Large,Hot Drinks,Drink,47.0,155.93,152.51,183.0,3.3176595744680855,0.22,2.5877744680851067
Cappuccino,Regular,Hot Drinks,Drink,243.0,724.85,723.81,868.26,2.9829218106995885,0.22,2.326679012345679
Chai Latte,Regular,Hot Drinks,Drink,14.0,51.42,51.42,61.7,3.672857142857143,0.22,2.8648285714285717
Cortado,Regular,Hot Drinks,Drink,18.0,50.16,50.16,60.2,2.7866666666666666,0.22,2.1736
Espresso,Large,Hot Drinks,Drink,41.0,106.3,106.3,127.7,2.5926829268292684,0.22,2.0222926829268295
Espresso,Regular,Hot Drinks,Drink,22.0,49.5,49.5,59.4,2.25,0.22,1.7550000000000001
Flat White,Large,Hot Drinks,Drink,6.0,19.66,19.66,23.6,3.276666666666667,0.22,2.5558
Flat White,Regular,Hot Drinks,Drink,118.0,361.77,358.57,430.2,3.0658474576271186,0.22,2.3913610169491526
Hot Chocolate,Regular,Hot Drinks,Drink,14.0,46.23,46.23,55.5,3.302142857142857,0.22,2.5756714285714284
Latte,Regular,Hot Drinks,Drink,247.0,774.0,764.47,917.19,3.133603238866397,0.22,2.4442105263157896
Loose Teas,Berry,Hot Drinks,Drink,2.0,6.0,6.0,7.2,3.0,0.22,2.34
Loose Teas,Breakfast,Hot Drinks,Drink,93.0,279.17,279.17,335.0,3.0018279569892474,0.22,2.341425806451613
Loose Teas,Camomile,Hot Drinks,Drink,7.0,21.0,21.0,25.2,3.0,0.22,2.34
Loose Teas,Decaf,Hot Drinks,Drink,2.0,6.0,6.0,7.2,3.0,0.22,2.34
Loose Teas,Earl Grey,Hot Drinks,Drink,8.0,24.17,24.17,29.0,3.02125,0.22,2.3565750000000003
Loose Teas,Fresh Mint,Hot Drinks,Drink,28.0,84.0,84.0,100.8,3.0,0.22,2.34
Loose Teas,Green Tea,Hot Drinks,Drink,8.0,24.0,24.0,28.8,3.0,0.22,2.34
Loose Teas,Lemon & Ginger,Hot Drinks,Drink,13.0,39.0,39.0,46.8,3.0,0.22,2.34
Loose Teas,Peppermint,Hot Drinks,Drink,19.0,57.0,57.0,68.4,3.0,0.22,2.34
Macchiato,Large,Hot Drinks,Drink,13.0,39.0,39.0,46.8,3.0,0.22,2.34
Macchiato,Regular,Hot Drinks,Drink,41.0,99.34,99.34,119.1,2.4229268292682926,0.22,1.8898829268292683
Matcha,Regular,Hot Drinks,Drink,28.0,104.13,104.13,125.0,3.718928571428571,0.22,2.9007642857142857
Mocha,Regular,Hot Drinks,Drink,18.0,61.47,60.09,72.12,3.415,0.22,2.6637
Cranberry Juice,Regular,Juices,Drink,8.0,23.68,23.68,28.4,2.96,0.22,2.3088
Fresh Apple Juice,Regular,Juices,Drink,33.0,124.5,120.0,144.0,3.772727272727273,0.22,2.942727272727273
Freshly Squeezed Orange Juice,Regular,Juices,Drink,164.0,753.24,723.91,869.0,4.5929268292682925,0.22,3.582482926829268
Pineapple Juice,Regular,Juices,Drink,11.0,32.56,32.56,39.05,2.9600000000000004,0.22,2.3088
Kids Brioche French Toast,Regular,Kids Breakfast,Food,2.0,11.58,11.58,13.9,5.79,0.3,4.053
Kids Eggs on Toast,Regular,Kids Breakfast,Food,12.0,69.49,69.49,83.4,5.790833333333333,0.3,4.053583333333332
Kids Fruit Porridge,Regular,Kids Breakfast,Food,2.0,11.58,11.58,13.9,5.79,0.3,4.053
Kids Ice Cream,Regular,Kids Dessert,Dessert,27.0,41.44,41.44,49.75,1.5348148148148146,0.24,1.166459259259259
Kids Pancakes With Nutella,Regular,Kids Dessert,Dessert,30.0,58.04,58.04,69.65,1.9346666666666665,0.24,1.4703466666666667
Babychino,Regular,Kids Drinks,Drink,3.0,0.0,0.0,0.0,0.0,0.22,0.0
Kids Fresh Apple Juice,Regular,Kids Drinks,Drink,48.0,80.04,80.04,96.0,1.6675000000000002,0.22,1.3006500000000003
Kids Freshly Squeezed Orange Juice,Regular,Kids Drinks,Drink,12.0,20.03,20.03,24.0,1.6691666666666667,0.22,1.3019500000000002
Kids Fruit Shoot (Apple & Blackcurrant),Regular,Kids Drinks,Drink,12.0,20.25,18.85,22.6,1.6875,0.22,1.3162500000000001
Kids Fruit Shoot (Orange),Regular,Kids Drinks,Drink,3.0,5.01,5.01,6.0,1.67,0.22,1.3026
Kids Pineapple Juice,Regular,Kids Drinks,Drink,3.0,5.0,5.0,6.0,1.6666666666666667,0.22,1.3
Kids Breaded Chicken Strips With Fries,Regular,Kids Mains,Food,24.0,198.98,198.98,238.8,8.290833333333333,0.3,5.803583333333333
Kids Fish Fingers With Chips,Regular,Kids Mains,Food,7.0,58.04,58.04,69.65,8.291428571428572,0.3,5.804
Kids Mac & Cheese,Regular,Kids Mains,Food,16.0,134.31,134.31,161.2,8.394375,0.3,5.8760625
Kids Margherita Pizza,Regular,Kids Mains,Food,30.0,253.23,246.27,295.54,8.440999999999999,0.3,5.908699999999999
Kids Pasta,Regular,Kids Mains,Food,54.0,447.67,447.67,537.3,8.290185185185186,0.3,5.8031296296296295
Kids Pepperoni Pizza,Regular,Kids Mains,Food,6.0,51.4,41.45,49.75,8.566666666666666,0.3,5.996666666666666
Kids Small Chicken Caesar Salad,Regular,Kids Mains,Food,2.0,16.58,16.58,19.9,8.29,0.3,5.802999999999999
Liqueur Coffee,Regular,Liqueur Coffee,Drink,2.0,16.58,16.58,19.9,8.29,0.22,6.4662
Creamy Mushroom Rigatoni (Lunch),Regular,Lunch Pasta,Food,12.0,142.54,137.81,157.27,11.878333333333332,0.3,8.314833333333333
Harissa Chicken (Lunch),Regular,Lunch Pasta,Food,16.0,186.35,184.26,221.11,11.646875,0.3,8.1528125
Linguine Carbonara (Lunch),Regular,Lunch Pasta,Food,7.0,81.39,81.39,97.65,11.627142857142857,0.3,8.139
Mac & Cheese (Lunch),Regular,Lunch Pasta,Food,8.0,87.0,85.12,102.12,10.875,0.3,7.6125
Rigatoni Pesto (Lunch),Regular,Lunch Pasta,Food,15.0,174.37,174.37,209.25,11.624666666666666,0.3,8.137266666666665
Rigatoni Piccante (Lunch),Regular,Lunch Pasta,Food,14.0,164.2,158.95,190.75,11.728571428571428,0.3,8.209999999999999
Rigatoni Ragù alla Bolognese (Lunch),Regular,Lunch Pasta,Food,9.0,109.1,106.92,128.32,12.122222222222222,0.3,8.485555555555555
Beef Meatball Ciabatta,Regular,Lunch Sandwiches,Food,5.0,63.68,58.6,67.42,12.736,0.3,8.9152
Caprese Ciabatta,Regular,Lunch Sandwiches,Food,21.0,220.86,220.86,262.5,10.517142857142858,0.3,7.362
Chicken Arrabbiata Ciabatta,Regular,Lunch Sandwiches,Food,12.0,139.49,139.49,167.4,11.624166666666667,0.3,8.136916666666666
Courgette and Pesto Ciabatta,Regular,Lunch Sandwiches,Food,5.0,53.95,53.95,64.75,10.790000000000001,0.3,7.553
Pollo Milanese Ciabatta,Regular,Lunch Sandwiches,Food,37.0,449.6,434.0,520.9,12.151351351351352,0.3,8.505945945945946
Steak Sandwich,Regular,Lunch Sandwiches,Food,41.0,566.49,549.99,660.0,13.816829268292683,0.3,9.671780487804877
Tuna Ciabatta,Regular,Lunch Sandwiches,Food,30.0,313.05,309.93,371.88,10.435,0.3,7.3045
Edamame,Regular,Nibbles,Food,24.0,99.16,98.42,118.06,4.131666666666667,0.3,2.8921666666666668
Nocellara Olives,Regular,Nibbles,Food,26.0,97.5,97.5,117.0,3.75,0.3,2.625
Toasted Ciabatta Fingers,Regular,Nibbles,Food,13.0,49.5,45.0,54.0,3.8076923076923075,0.3,2.6653846153846152
Crab and Lobster Ravioli,Regular,Pasta,Food,22.0,357.5,357.5,429.0,16.25,0.3,11.375
Creamy Mushroom Rigatoni,Regular,Pasta,Food,22.0,292.37,292.37,350.9,13.289545454545454,0.3,9.302681818181817
Harissa Chicken,Regular,Pasta,Food,19.0,255.18,239.23,287.1,13.430526315789473,0.3,9.40136842105263
Lasagna,Regular,Pasta,Food,15.0,211.86,211.86,254.25,14.124,0.3,9.8868
Linguine Carbonara,Regular,Pasta,Food,22.0,322.94,322.94,387.5,14.67909090909091,0.3,10.275363636363636
Linguine King Prawns,Regular,Pasta,Food,19.0,292.91,292.91,351.5,15.416315789473686,0.3,10.791421052631579
Ragù alla Bolognese,Regular,Pasta,Food,43.0,607.37,607.37,728.85,14.124883720930233,0.3,9.887418604651163
Rigatoni Pesto,Regular,Pasta,Food,14.0,180.85,180.85,217.0,12.917857142857143,0.3,9.042499999999999
Rigatoni Piccante,Regular,Pasta,Food,16.0,201.56,198.66,236.1,12.5975,0.3,8.818249999999999
Rigatoni Pomodoro,Pomodoro,Pasta,Food,3.0,36.24,36.24,43.5,12.08,0.3,8.456
Rigatoni Pomodoro,Regular,Pasta,Food,2.0,24.16,24.16,29.0,12.08,0.3,8.456
Rigatoni con Salmone,Regular,Pasta,Food,20.0,308.35,308.35,370.0,15.4175,0.3,10.79225
Al Tonno,Regular,Pizza,Food,4.0,53.16,53.16,63.8,13.29,0.3,9.302999999999999
Double Pepperoni,Regular,Pizza,Food,17.0,212.69,195.0,233.97,12.511176470588236,0.3,8.757823529411764
Fiorentina,Regular,Pizza,Food,10.0,124.59,124.59,149.5,12.459,0.3,8.7213
Funghi (Pizza),Regular,Pizza,Food,7.0,87.21,87.21,104.65,12.458571428571428,0.3,8.720999999999998
Margherita,Regular,Pizza,Food,32.0,345.28,345.28,414.4,10.79,0.3,7.552999999999999
Pollo Piccante,Regular,Pizza,Food,5.0,62.29,49.84,59.8,12.458,0.3,8.7206
Prawn and Pesto,Regular,Pizza,Food,5.0,70.61,70.61,84.75,14.122,0.3,9.885399999999999
Tre Carni,Regular,Pizza,Food,11.0,151.24,151.24,181.5,13.74909090909091,0.3,9.624363636363636
Malbec Classico,175ml,Red Wines,Drink,2.0,15.84,15.84,19.0,7.92,0.22,6.1776
Malbec Classico,250ml,Red Wines,Drink,6.0,57.48,57.48,69.0,9.58,0.22,7.4724
Malbec Classico,Bottle,Red Wines,Drink,1.0,28.33,28.33,34.0,28.33,0.22,22.0974
Merlot,175ml,Red Wines,Drink,2.0,14.16,14.16,17.0,7.08,0.22,5.5224
Merlot,250ml,Red Wines,Drink,5.0,43.75,43.75,52.5,8.75,0.22,6.825
Primitivo Manduria,175ml,Red Wines,Drink,1.0,8.75,8.75,10.5,8.75,0.22,6.825
Primitivo Manduria,250ml,Red Wines,Drink,1.0,10.42,10.42,12.5,10.42,0.22,8.127600000000001
Sangiovese,175ml,Red Wines,Drink,9.0,48.77,48.77,58.5,5.4188888888888895,0.22,4.226733333333334
Sangiovese,250ml,Red Wines,Drink,5.0,35.41,35.41,42.5,7.081999999999999,0.22,5.52396
Sangiovese,Bottle,Red Wines,Drink,3.0,62.49,62.49,75.0,20.830000000000002,0.22,16.247400000000003
Chicken and Asparagus Risotto,Regular,Risotto,Food,6.0,89.76,89.76,107.7,14.96,0.3,10.472
Mixed Mushrooms Risotto,Regular,Risotto,Food,6.0,84.74,84.74,101.7,14.123333333333333,0.3,9.886333333333333
Risotto di Mare,Regular,Risotto,Food,4.0,66.49,66.49,79.8,16.6225,0.3,11.635749999999998
Pinot Grigio Blush,175ml,Rosé Wines,Drink,10.0,66.9,65.7,78.8,6.69,0.22,5.2182
Pinot Grigio Blush,250ml,Rosé Wines,Drink,16.0,126.67,126.67,152.0,7.916875,0.22,6.1751625
Pinot Grigio Blush,Bottle,Rosé Wines,Drink,4.0,93.32,93.32,112.0,23.33,0.22,18.1974
Provence Rosé,175ml,Rosé Wines,Drink,4.0,29.83,29.83,35.8,7.4575,0.22,5.81685
Provence Rosé,250ml,Rosé Wines,Drink,6.0,53.11,49.43,59.32,8.851666666666667,0.22,6.9043
Provence Rosé,Bottle,Rosé Wines,Drink,5.0,129.15,129.15,155.0,25.830000000000002,0.22,20.1474
Bacardi,50ml,Rum,Drink,1.0,8.33,8.33,10.0,8.33,0.22,6.4974
Bistecca e Rucola,Regular,Salads,Food,13.0,211.25,211.25,253.5,16.25,0.3,11.375
Chicken Caesar Salad,Regular,Salads,Food,40.0,565.38,562.84,675.46,14.1345,0.3,9.894149999999998
Poke Bowl,Regular,Salads,Food,49.0,816.63,816.63,980.0,16.66591836734694,0.3,11.666142857142857
Prawn and Avocado,Regular,Salads,Food,13.0,205.29,205.29,246.35,15.791538461538462,0.3,11.054076923076922
Roasted Salmon Niçoise,Regular,Salads,Food,43.0,751.94,744.61,893.52,17.486976744186048,0.3,12.240883720930233
Aubergine Parmigiana,Regular,Secondi,Food,48.0,678.39,675.85,811.06,14.133125,0.3,9.8931875
Corn-fed Chicken,Regular,Secondi,Food,9.0,157.14,157.14,188.55,17.459999999999997,0.3,12.221999999999998
Signature Burger,Regular,Secondi,Food,49.0,706.29,701.21,841.47,14.41408163265306,0.3,10.089857142857142
Mediterranean Sea Bass,Regular,Secondi,Food,28.0,512.12,512.12,614.6,18.29,0.3,12.802999999999999
Pollo Milanese,Regular,Secondi,Food,53.0,888.79,882.8,1059.36,16.769622641509432,0.3,11.738735849056601
Ribeye,Regular,Secondi,Food,27.0,722.23,717.28,860.7,26.74925925925926,0.3,18.724481481481483
Roasted Cauliflower,Regular,Secondi,Food,13.0,172.78,172.78,207.35,13.29076923076923,0.3,9.30353846153846
Roasted Salmon,Regular,Secondi,Food,11.0,210.34,210.34,252.45,19.12181818181818,0.3,13.385272727272726
Vegan Burger,Regular,Secondi,Food,12.0,165.01,165.01,198.0,13.750833333333333,0.3,9.625583333333331
Couscous Salad,Regular,Sides,Food,3.0,11.25,11.25,13.5,3.75,0.3,2.625
Crushed Baby Potatoes,Regular,Sides,Food,3.0,12.38,12.38,14.85,4.126666666666667,0.3,2.8886666666666665
Signature House Salad,Regular,Sides,Food,25.0,93.75,93.75,112.5,3.75,0.3,2.625
Green Beans,Regular,Sides,Food,2.0,7.5,7.5,9.0,3.75,0.3,2.625
Mac and Cheese,Regular,Sides,Food,4.0,16.66,16.66,20.0,4.165,0.3,2.9154999999999998
Mac and Cheese (Side),Regular,Sides,Food,1.0,4.17,4.17,5.0,4.17,0.3,2.9189999999999996
Pomme Frites,Regular,Sides,Food,47.0,176.36,171.94,206.33,3.7523404255319153,0.3,2.6266382978723404
Sweet Potato Fries,Regular,Sides,Food,21.0,87.54,87.54,105.0,4.168571428571429,0.3,2.918
Tender Stem Broccoli and Cauliflower,Regular,Sides,Food,5.0,22.9,22.9,27.5,4.58,0.3,3.206
Two Sides,Regular,Sides,Food,22.0,146.91,145.71,174.8,6.677727272727273,0.3,4.674409090909091
Mango & Dragon,Regular,Smoothies,Drink,30.0,150.15,149.25,179.1,5.005,0.22,3.9039
Super Berry,Regular,Smoothies,Drink,19.0,95.15,94.25,113.1,5.007894736842106,0.22,3.9061578947368427
Super Green,Regular,Smoothies,Drink,23.0,115.0,115.0,138.0,5.0,0.22,3.9000000000000004
Appletiser,Regular,Soft Drinks,Drink,17.0,55.25,55.25,66.3,3.25,0.22,2.535
Coca Cola,Regular,Soft Drinks,Drink,41.0,140.38,138.94,166.66,3.42390243902439,0.22,2.6706439024390245
Coke Zero,Regular,Soft Drinks,Drink,103.0,336.99,323.54,388.25,3.271747572815534,0.22,2.5519631067961166
Diet Coke,Regular,Soft Drinks,Drink,116.0,377.53,374.41,449.28,3.254568965517241,0.22,2.538563793103448
Ginger Beer,Regular,Soft Drinks,Drink,11.0,35.75,35.75,42.9,3.25,0.22,2.535
San Pellegrino Orange/Lemon,Lemon,Soft Drinks,Drink,12.0,39.0,39.0,46.8,3.25,0.22,2.535
San Pellegrino Orange/Lemon,Orange,Soft Drinks,Drink,5.0,16.25,16.25,19.5,3.25,0.22,2.535
Schweppes Lemonade,Regular,Soft Drinks,Drink,2.0,4.58,4.58,5.5,2.29,0.22,1.7862
Slime-Tonic,Regular,Soft Drinks,Drink,5.0,11.45,11.45,13.75,2.29,0.22,1.7862
Soda,Regular,Soft Drinks,Drink,2.0,4.58,4.58,5.5,2.29,0.22,1.7862
Sprite Zero,Regular,Soft Drinks,Drink,44.0,143.64,139.84,167.8,3.264545454545454,0.22,2.5463454545454542
Tonic,Regular,Soft Drinks,Drink,6.0,13.74,13.74,16.5,2.29,0.22,1.7862
Courvoisier,50ml,Spirit,Drink,3.0,22.5,22.5,27.0,7.5,0.22,5.8500000000000005
Gordons Gin,50ml,Spirits,Drink,3.0,23.75,23.75,28.5,7.916666666666667,0.22,6.175000000000001
Arancini,Regular,Starters,Food,35.0,290.16,290.16,348.25,8.290285714285716,0.3,5.8032
Baked Mushrooms,Regular,Starters,Food,22.0,174.22,174.22,209.0,7.919090909090909,0.3,5.543363636363636
Beetroot Tartare,Regular,Starters,Food,18.0,150.35,143.64,172.39,8.352777777777778,0.3,5.8469444444444445
Bruschetta,Mushroom,Starters,Food,5.0,33.68,31.68,38.0,6.736,0.3,4.715199999999999
Bruschetta,Tomato,Starters,Food,20.0,133.38,133.38,160.0,6.669,0.3,4.6682999999999995
Burrata,Regular,Starters,Food,22.0,192.5,192.5,231.0,8.75,0.3,6.125
Calamari,Regular,Starters,Food,25.0,228.41,226.77,272.11,9.1364,0.3,6.39548
Chicken Liver Parfait,Regular,Starters,Food,12.0,95.01,95.01,114.0,7.9175,0.3,5.54225
Garlic Bread,Regular,Starters,Food,30.0,153.58,151.7,182.12,5.1193333333333335,0.3,3.583533333333333
Homemade Meatballs,Regular,Starters,Food,7.0,63.0,63.0,73.5,9.0,0.3,6.3
King Prawns,Regular,Starters,Food,30.0,273.73,273.73,328.5,9.124333333333334,0.3,6.387033333333334
Salmon Fish Cake,Regular,Starters,Food,23.0,229.06,229.06,274.85,9.959130434782608,0.3,6.971391304347826
Soup,Regular,Starters,Food,18.0,120.03,120.03,144.0,6.668333333333333,0.3,4.667833333333332
Antipasti Sharing Board,Regular,Starters to Share,Food,6.0,84.73,84.73,101.7,14.121666666666668,0.3,9.885166666666667
Garlic Pizza Bread,Regular,Starters to Share,Food,8.0,73.36,73.36,88.0,9.17,0.3,6.419
Crispy Pancetta Ciabatta,Regular,Toast and Sandwiches,Food,1.0,8.29,8.29,9.95,8.29,0.3,5.802999999999999
Cumberland Sausage Ciabatta,Regular,Toast and Sandwiches,Food,8.0,66.32,66.32,79.6,8.29,0.3,5.802999999999999
Fried Eggs Ciabatta,Regular,Toast and Sandwiches,Food,3.0,31.96,31.96,38.35,10.653333333333334,0.3,7.457333333333334
Smoked Salmon Ciabatta,Regular,Toast and Sandwiches,Food,5.0,53.95,53.95,64.75,10.790000000000001,0.3,7.553
Toasted Sourdough Bread,1 Slice,Toast and Sandwiches,Food,13.0,32.5,32.5,39.0,2.5,0.3,1.75
Toasted Sourdough Bread,2 Slices,Toast and Sandwiches,Food,21.0,103.61,103.61,124.35,4.933809523809524,0.3,3.4536666666666664
Toasted Sourdough Bread,Regular,Toast and Sandwiches,Food,8.0,37.6,37.6,45.1,4.7,0.3,3.29
Absolut,50ml,Vodka,Drink,4.0,26.67,26.67,32.0,6.6675,0.22,5.20065
Elderflower Cordial,Regular,Water,Drink,6.0,4.02,4.02,4.8,0.6699999999999999,0.22,0.5226
Glass of Tap,Regular,Water,Drink,35.0,0.0,0.0,0.0,0.0,0.22,0.0
Ice Cup,Regular,Water,Drink,4.0,0.0,0.0,0.0,0.0,0.22,0.0
Jug of Tap,Regular,Water,Drink,82.0,0.0,0.0,0.0,0.0,0.22,0.0
Lime Cordial,Regular,Water,Drink,20.0,13.39,13.39,16.0,0.6695,0.22,0.52221
Sparkling Water,Large,Water,Drink,52.0,216.79,216.79,260.0,4.169038461538461,0.22,3.2518499999999997
Sparkling Water,Regular,Water,Drink,70.0,204.33,204.33,245.0,2.919,0.22,2.2768200000000003
Still Water,Large,Water,Drink,59.0,246.12,245.37,294.25,4.171525423728814,0.22,3.2537898305084747
Still Water,Regular,Water,Drink,41.0,119.68,119.68,143.5,2.919024390243903,0.22,2.2768390243902443
Jack Daniels,50ml,Whiskey,Drink,5.0,42.01,42.01,50.4,8.402,0.22,6.55356
Chardonnay,250ml,White Wines,Drink,4.0,35.17,35.17,42.2,8.7925,0.22,6.85815
Chardonnay,Bottle,White Wines,Drink,1.0,25.0,25.0,30.0,25.0,0.22,19.5
Gavi di Gavi,Bottle,White Wines,Drink,2.0,63.34,63.34,76.0,31.67,0.22,24.702600000000004
Inzolia,175ml,White Wines,Drink,8.0,43.32,43.32,52.0,5.415,0.22,4.2237
Inzolia,250ml,White Wines,Drink,6.0,42.49,42.49,51.0,7.081666666666667,0.22,5.523700000000001
Pinot Grigio,175ml,White Wines,Drink,5.0,31.25,31.25,37.5,6.25,0.22,4.875
Pinot Grigio,250ml,White Wines,Drink,14.0,110.85,110.85,133.0,7.917857142857143,0.22,6.175928571428572
Pinot Grigio,Bottle,White Wines,Drink,6.0,139.98,139.98,168.0,23.33,0.22,18.1974
Sauvignon Blanc,175ml,White Wines,Drink,7.0,52.5,52.5,63.0,7.5,0.22,5.8500000000000005
Sauvignon Blanc,250ml,White Wines,Drink,16.0,146.26,144.62,173.56,9.14125,0.22,7.1301749999999995
Sauvignon Blanc,Bottle,White Wines,Drink,5.0,133.34,133.34,160.0,26.668,0.22,20.80104
